pathway,pval,padj,log2err,ES,NES,size,timepoint,info,sample,celltype
HALLMARK_MITOTIC_SPINDLE,0.0001858839,0.001161774,0.5188481,-0.4137734,-1.603677,199,Immediately Post-flight,Hallmark,Skin,skin
HALLMARK_MYC_TARGETS_V1,5.816902e-25,2.908451e-23,1.2951231,-0.6875509,-2.672049,200,Immediately Post-flight,Hallmark,Skin,skin
HALLMARK_OXIDATIVE_PHOSPHORYLATION,1.565121e-14,3.912802e-13,0.9759947,-0.5995684,-2.32377,199,Immediately Post-flight,Hallmark,Skin,skin
ABE_INNER_EAR,0.0002183291,0.003121114,0.5188481,-0.6261186,-1.883738,43,Immediately Post-flight,C2,Skin,skin
ACEVEDO_LIVER_TUMOR_VS_NORMAL_ADJACENT_TISSUE_UP,1.07106e-12,1.141859e-10,0.9101197,-0.3887878,-1.716014,853,Immediately Post-flight,C2,Skin,skin
ANDERSEN_LIVER_CANCER_KRT19_UP,7.930989e-08,3.3936e-06,0.7049757,-0.7782673,-2.248599,34,Immediately Post-flight,C2,Skin,skin
BENPORATH_MYC_MAX_TARGETS,1.138184e-15,1.590928e-13,1.0175448,-0.4183604,-1.832148,761,Immediately Post-flight,C2,Skin,skin
BENPORATH_MYC_TARGETS_WITH_EBOX,7.523471e-10,4.894061e-08,0.8012156,-0.5184303,-2.037011,221,Immediately Post-flight,C2,Skin,skin
BENPORATH_SUZ12_TARGETS,0.00010132,0.001677112,0.5384341,0.3219994,1.345611,1001,Immediately Post-flight,C2,Skin,skin
BHATTACHARYA_EMBRYONIC_STEM_CELL,2.435457e-07,8.958493e-06,0.6749629,-0.6199512,-2.124571,81,Immediately Post-flight,C2,Skin,skin
BILANGES_RAPAMYCIN_SENSITIVE_VIA_TSC1_AND_TSC2,1.185825e-07,4.812155e-06,0.7049757,-0.6658932,-2.207458,68,Immediately Post-flight,C2,Skin,skin
BILANGES_SERUM_AND_RAPAMYCIN_SENSITIVE_GENES,1.685816e-18,3.313682e-16,1.1146645,-0.8366168,-2.759768,66,Immediately Post-flight,C2,Skin,skin
BILANGES_SERUM_RESPONSE_TRANSLATION,2.020653e-07,7.656571e-06,0.6901325,-0.7672433,-2.213591,33,Immediately Post-flight,C2,Skin,skin
BOUDOUKHA_BOUND_BY_IGF2BP2,3.567346e-08,1.625986e-06,0.7195128,-0.5926468,-2.094907,105,Immediately Post-flight,C2,Skin,skin
BRUINS_UVC_RESPONSE_LATE,0.004635225,0.03586988,0.4070179,-0.2605715,-1.163348,1110,Immediately Post-flight,C2,Skin,skin
CAIRO_HEPATOBLASTOMA_CLASSES_UP,1.704047e-16,2.614257e-14,1.0476265,-0.453282,-1.973075,604,Immediately Post-flight,C2,Skin,skin
CHAUHAN_RESPONSE_TO_METHOXYESTRADIOL_DN,1.179055e-11,1.07482e-09,0.8753251,-0.6766063,-2.364657,100,Immediately Post-flight,C2,Skin,skin
CHICAS_RB1_TARGETS_LOW_SERUM,3.50984e-06,9.768538e-05,0.6272567,-0.5683298,-1.956747,90,Immediately Post-flight,C2,Skin,skin
CHNG_MULTIPLE_MYELOMA_HYPERPLOID_UP,5.60949e-18,1.008106e-15,1.0959293,-0.8643468,-2.700259,52,Immediately Post-flight,C2,Skin,skin
CLASPER_LYMPHATIC_VESSELS_DURING_METASTASIS_DN,0.006396184,0.04558655,0.4070179,-0.5658086,-1.642328,35,Immediately Post-flight,C2,Skin,skin
DACOSTA_UV_RESPONSE_VIA_ERCC3_UP,2.160154e-07,8.087721e-06,0.6901325,-0.4235299,-1.73661,311,Immediately Post-flight,C2,Skin,skin
DANG_MYC_TARGETS_UP,4.242273e-09,2.382491e-07,0.7614608,-0.5816455,-2.11857,126,Immediately Post-flight,C2,Skin,skin
DAZARD_RESPONSE_TO_UV_NHEK_UP,5.779888e-14,6.732499e-12,0.9545416,-0.5653977,-2.20903,216,Immediately Post-flight,C2,Skin,skin
DAZARD_UV_RESPONSE_CLUSTER_G1,4.434429e-13,4.893431e-11,0.9325952,-0.7881649,-2.514987,59,Immediately Post-flight,C2,Skin,skin
ENK_UV_RESPONSE_KERATINOCYTE_UP,2.422818e-31,1.088537e-28,1.4533447,-0.5668413,-2.435604,527,Immediately Post-flight,C2,Skin,skin
FERNANDEZ_BOUND_BY_MYC,2.257345e-10,1.577633e-08,0.8266573,-0.5557788,-2.136511,179,Immediately Post-flight,C2,Skin,skin
FLORIO_NEOCORTEX_BASAL_RADIAL_GLIA_UP,1.495274e-06,4.656075e-05,0.6435518,0.4205161,1.639198,367,Immediately Post-flight,C2,Skin,skin
FLOTHO_PEDIATRIC_ALL_THERAPY_RESPONSE_UP,9.330952e-08,3.886867e-06,0.7049757,-0.7145864,-2.210249,50,Immediately Post-flight,C2,Skin,skin
GRAESSMANN_APOPTOSIS_BY_DOXORUBICIN_DN,3.704555e-07,1.323957e-05,0.6749629,-0.2880728,-1.307558,1736,Immediately Post-flight,C2,Skin,skin
GRUETZMANN_PANCREATIC_CANCER_DN,0.00224324,0.02076217,0.4317077,-0.3786052,-1.465166,195,Immediately Post-flight,C2,Skin,skin
GRYDER_PAX3FOXO1_ENHANCERS_IN_TADS,0.0002867322,0.003929293,0.4984931,-0.2860909,-1.27174,994,Immediately Post-flight,C2,Skin,skin
HILLION_HMGA1B_TARGETS,0.000105964,0.001735712,0.5384341,-0.5263617,-1.808396,85,Immediately Post-flight,C2,Skin,skin
HILLION_HMGA1_TARGETS,1.497753e-07,5.851468e-06,0.6901325,-0.6187341,-2.131157,84,Immediately Post-flight,C2,Skin,skin
HOLLEMAN_ASPARAGINASE_RESISTANCE_B_ALL_UP,8.253127e-09,4.436938e-07,0.7477397,-0.8489001,-2.322121,27,Immediately Post-flight,C2,Skin,skin
HSIAO_HOUSEKEEPING_GENES,1e-50,6.29e-47,,-0.7843142,-3.268613,380,Immediately Post-flight,C2,Skin,skin
IRITANI_MAD1_TARGETS_DN,3.821195e-05,0.000763518,0.5573322,-0.6585408,-1.981283,43,Immediately Post-flight,C2,Skin,skin
JISON_SICKLE_CELL_DISEASE_DN,9.450657e-15,1.165581e-12,0.9865463,-0.6140042,-2.350755,177,Immediately Post-flight,C2,Skin,skin
JOHNSTONE_PARVB_TARGETS_2_UP,1.012447e-07,4.189666e-06,0.7049757,-0.5487818,-2.016093,134,Immediately Post-flight,C2,Skin,skin
KEGG_OXIDATIVE_PHOSPHORYLATION,2.114332e-10,1.511267e-08,0.8266573,-0.6249241,-2.234231,115,Immediately Post-flight,C2,Skin,skin
KEGG_PARKINSONS_DISEASE,8.683191e-12,8.151832e-10,0.8753251,-0.6578518,-2.347647,112,Immediately Post-flight,C2,Skin,skin
KEGG_RIBOSOME,6.384713e-30,2.231103e-27,1.4172759,-0.8680775,-3.001246,86,Immediately Post-flight,C2,Skin,skin
KIM_ALL_DISORDERS_DURATION_CORR_DN,2.695099e-11,2.230549e-09,0.8634154,-0.6014531,-2.220494,144,Immediately Post-flight,C2,Skin,skin
KIM_ALL_DISORDERS_OLIGODENDROCYTE_NUMBER_CORR_UP,2.835917e-36,8.918958e-33,1.5697917,-0.5379736,-2.350669,740,Immediately Post-flight,C2,Skin,skin
KIM_BIPOLAR_DISORDER_OLIGODENDROCYTE_DENSITY_CORR_UP,1.089397e-34,1.370461e-31,1.5297053,-0.546712,-2.37882,666,Immediately Post-flight,C2,Skin,skin
LEE_LIVER_CANCER_MYC_UP,1.787697e-05,0.0004001641,0.5756103,-0.6340513,-1.980805,52,Immediately Post-flight,C2,Skin,skin
LEE_LIVER_CANCER_SURVIVAL_DN,1.354657e-09,8.436428e-08,0.7881868,-0.5452989,-2.083751,176,Immediately Post-flight,C2,Skin,skin
LIM_MAMMARY_STEM_CELL_UP,0.0003830394,0.004977929,0.4984931,-0.3259196,-1.383525,475,Immediately Post-flight,C2,Skin,skin
LI_AMPLIFIED_IN_LUNG_CANCER,9.281542e-18,1.621692e-15,1.0864405,-0.6569953,-2.525605,179,Immediately Post-flight,C2,Skin,skin
LOPEZ_MBD_TARGETS,1.678818e-31,8.799804e-29,1.4604515,-0.4829515,-2.148811,930,Immediately Post-flight,C2,Skin,skin
LUI_TARGETS_OF_PAX8_PPARG_FUSION,3.220465e-10,2.201818e-08,0.8140358,-0.8363275,-2.416349,34,Immediately Post-flight,C2,Skin,skin
LUI_THYROID_CANCER_CLUSTER_3,1.032713e-08,5.458628e-07,0.7477397,-0.8408736,-2.312837,28,Immediately Post-flight,C2,Skin,skin
LUI_THYROID_CANCER_PAX8_PPARG_DN,6.745478e-10,4.466217e-08,0.8012156,-0.7844333,-2.386011,46,Immediately Post-flight,C2,Skin,skin
MALONEY_RESPONSE_TO_17AAG_DN,2.154958e-12,2.142366e-10,0.8986712,-0.7264729,-2.448376,77,Immediately Post-flight,C2,Skin,skin
MARTENS_TRETINOIN_RESPONSE_DN,1.585724e-27,4.336612e-25,1.3651796,-0.4907528,-2.144157,776,Immediately Post-flight,C2,Skin,skin
MARTINEZ_RB1_AND_TP53_TARGETS_DN,2.763673e-06,8.01083e-05,0.6272567,-0.3466112,-1.502433,596,Immediately Post-flight,C2,Skin,skin
MARTINEZ_RB1_TARGETS_DN,4.10696e-06,0.0001118302,0.6105269,-0.3513804,-1.5098,555,Immediately Post-flight,C2,Skin,skin
MARTINEZ_TP53_TARGETS_DN,9.318829e-07,3.021414e-05,0.6594444,-0.3567188,-1.551083,600,Immediately Post-flight,C2,Skin,skin
MATTIOLI_MGUS_VS_PCL,3.318897e-06,9.361374e-05,0.6272567,-0.5730946,-2.004177,94,Immediately Post-flight,C2,Skin,skin
MIKKELSEN_IPS_WITH_HCP_H3K27ME3,0.005348148,0.03999982,0.4070179,0.4505374,1.507958,96,Immediately Post-flight,C2,Skin,skin
MIKKELSEN_MCV6_HCP_WITH_H3K27ME3,0.005467385,0.04060195,0.4070179,0.3341815,1.325204,433,Immediately Post-flight,C2,Skin,skin
MODY_HIPPOCAMPUS_PRENATAL,2.467863e-06,7.219935e-05,0.6272567,-0.6986046,-2.111775,44,Immediately Post-flight,C2,Skin,skin
MOOTHA_VOXPHOS,4.756947e-10,3.183106e-08,0.8012156,-0.6703251,-2.317547,86,Immediately Post-flight,C2,Skin,skin
MUNSHI_MULTIPLE_MYELOMA_UP,0.0003511704,0.004660046,0.4984931,-0.5225669,-1.751973,74,Immediately Post-flight,C2,Skin,skin
NATSUME_RESPONSE_TO_INTERFERON_BETA_DN,4.062231e-08,1.799397e-06,0.7195128,-0.7365044,-2.261364,49,Immediately Post-flight,C2,Skin,skin
NUTT_GBM_VS_AO_GLIOMA_DN,4.658852e-05,0.0008907045,0.5573322,-0.6508428,-1.978163,45,Immediately Post-flight,C2,Skin,skin
ONKEN_UVEAL_MELANOMA_DN,3.194699e-15,4.275459e-13,1.007318,-0.4618206,-1.983044,518,Immediately Post-flight,C2,Skin,skin
OSMAN_BLADDER_CANCER_DN,2.179832e-12,2.142366e-10,0.8986712,-0.4733935,-1.976409,401,Immediately Post-flight,C2,Skin,skin
OSMAN_BLADDER_CANCER_UP,6.823203e-06,0.0001728541,0.6105269,-0.3775003,-1.572313,392,Immediately Post-flight,C2,Skin,skin
PARENT_MTOR_SIGNALING_UP,0.002886232,0.0251446,0.4317077,-0.3018779,-1.29687,553,Immediately Post-flight,C2,Skin,skin
PECE_MAMMARY_STEM_CELL_UP,6.422315e-24,1.442727e-21,1.270913,-0.7588343,-2.779137,131,Immediately Post-flight,C2,Skin,skin
POMEROY_MEDULLOBLASTOMA_DESMOPLASIC_VS_CLASSIC_DN,0.0002467491,0.003456686,0.4984931,-0.5712308,-1.822763,59,Immediately Post-flight,C2,Skin,skin
POMEROY_MEDULLOBLASTOMA_PROGNOSIS_DN,8.013573e-06,0.0001953697,0.5933255,-0.6835807,-2.056618,43,Immediately Post-flight,C2,Skin,skin
REACTOME_ACTIVATION_OF_THE_MRNA_UPON_BINDING_OF_THE_CAP_BINDING_COMPLEX_AND_EIFS_AND_SUBSEQUENT_BINDING_TO_43S,4.0147e-17,6.645384e-15,1.06721,-0.8323605,-2.660458,60,Immediately Post-flight,C2,Skin,skin
REACTOME_ASYMMETRIC_LOCALIZATION_OF_PCP_PROTEINS,0.001279005,0.01340823,0.4550599,-0.5260591,-1.707952,63,Immediately Post-flight,C2,Skin,skin
REACTOME_AUF1_HNRNP_D0_BINDS_AND_DESTABILIZES_MRNA,1.368668e-07,5.448685e-06,0.6901325,-0.6984285,-2.188795,54,Immediately Post-flight,C2,Skin,skin
REACTOME_CELLULAR_RESPONSES_TO_EXTERNAL_STIMULI,4.800173e-33,3.019309e-30,1.4954793,-0.5310065,-2.317274,687,Immediately Post-flight,C2,Skin,skin
REACTOME_CELLULAR_RESPONSE_TO_STARVATION,3.671767e-26,9.623088e-24,1.3267161,-0.7418543,-2.776825,156,Immediately Post-flight,C2,Skin,skin
REACTOME_DEFECTIVE_CFTR_CAUSES_CYSTIC_FIBROSIS,0.0007753416,0.008997968,0.4772708,-0.5478377,-1.751043,60,Immediately Post-flight,C2,Skin,skin
REACTOME_DEGRADATION_OF_DVL,0.0001813804,0.002697123,0.5188481,-0.5788011,-1.83111,56,Immediately Post-flight,C2,Skin,skin
REACTOME_DEVELOPMENTAL_BIOLOGY,4.160391e-23,8.441568e-21,1.2462328,-0.4223635,-1.885776,1112,Immediately Post-flight,C2,Skin,skin
REACTOME_EUKARYOTIC_TRANSLATION_ELONGATION,8.93271e-32,5.107886e-29,1.467524,-0.8688523,-2.997261,91,Immediately Post-flight,C2,Skin,skin
REACTOME_EUKARYOTIC_TRANSLATION_INITIATION,3.170166e-34,3.32339e-31,1.5229216,-0.8389812,-3.012147,119,Immediately Post-flight,C2,Skin,skin
REACTOME_HEDGEHOG_LIGAND_BIOGENESIS,5.104177e-05,0.0009583665,0.5573322,-0.589142,-1.9214310000000001,64,Immediately Post-flight,C2,Skin,skin
REACTOME_INFECTIOUS_DISEASE,5.715005e-31,2.246711e-28,1.4462029,-0.490865,-2.167159,854,Immediately Post-flight,C2,Skin,skin
REACTOME_INFLUENZA_INFECTION,3.066733e-33,2.411219e-30,1.5023869,-0.7904,-2.95764,155,Immediately Post-flight,C2,Skin,skin
REACTOME_METABOLISM_OF_AMINO_ACIDS_AND_DERIVATIVES,3.252199e-25,8.182533e-23,1.3030932,-0.5858853,-2.449969,370,Immediately Post-flight,C2,Skin,skin
REACTOME_METABOLISM_OF_RNA,5.383443e-35,8.465465e-32,1.536459,-0.5495329,-2.385564,662,Immediately Post-flight,C2,Skin,skin
REACTOME_NERVOUS_SYSTEM_DEVELOPMENT,3.919267e-30,1.450129e-27,1.4245627,-0.5506249,-2.377606,570,Immediately Post-flight,C2,Skin,skin
REACTOME_NONSENSE_MEDIATED_DECAY_NMD,3.298165e-29,1.016551e-26,1.4025887,-0.8156371,-2.916069,115,Immediately Post-flight,C2,Skin,skin
REACTOME_REGULATION_OF_EXPRESSION_OF_SLITS_AND_ROBOS,2.323491e-31,1.088537e-28,1.4533447,-0.7583729,-2.876254,170,Immediately Post-flight,C2,Skin,skin
REACTOME_RESPIRATORY_ELECTRON_TRANSPORT,1.242132e-08,6.404108e-07,0.7477397,-0.6422121,-2.222433,92,Immediately Post-flight,C2,Skin,skin
REACTOME_RESPIRATORY_ELECTRON_TRANSPORT_ATP_SYNTHESIS_BY_CHEMIOSMOTIC_COUPLING_AND_HEAT_PRODUCTION_BY_UNCOUPLING_PROTEINS,3.61569e-12,3.498875e-10,0.8986712,-0.6453107,-2.302157,114,Immediately Post-flight,C2,Skin,skin
REACTOME_RESPONSE_OF_EIF2AK4_GCN2_TO_AMINO_ACID_DEFICIENCY,2.789825e-29,9.235788e-27,1.4025887,-0.8435978,-2.969545,101,Immediately Post-flight,C2,Skin,skin
REACTOME_RRNA_PROCESSING,1.776295e-23,3.724298e-21,1.2545135,-0.6838189,-2.6688,201,Immediately Post-flight,C2,Skin,skin
REACTOME_SCF_SKP2_MEDIATED_DEGRADATION_OF_P27_P21,8.670125e-05,0.001498516,0.5384341,-0.5920977,-1.889348,59,Immediately Post-flight,C2,Skin,skin
REACTOME_SELENOAMINO_ACID_METABOLISM,3.39389e-29,1.016551e-26,1.4025887,-0.8201015,-2.927915,117,Immediately Post-flight,C2,Skin,skin
REACTOME_SIGNALING_BY_ROBO_RECEPTORS,3.430694e-31,1.438604e-28,1.4533447,-0.7185539,-2.806349,215,Immediately Post-flight,C2,Skin,skin
REACTOME_SRP_DEPENDENT_COTRANSLATIONAL_PROTEIN_TARGETING_TO_MEMBRANE,4.049086e-33,2.829861e-30,1.4954793,-0.8422642,-3.008279,111,Immediately Post-flight,C2,Skin,skin
REACTOME_THE_CITRIC_ACID_TCA_CYCLE_AND_RESPIRATORY_ELECTRON_TRANSPORT,1.948932e-10,1.409055e-08,0.8266573,-0.5677922,-2.13953,165,Immediately Post-flight,C2,Skin,skin
REACTOME_THE_ROLE_OF_GTSE1_IN_G2_M_PROGRESSION_AFTER_G2_CHECKPOINT,8.389817e-06,0.000202969,0.5933255,-0.5841908,-1.964138,75,Immediately Post-flight,C2,Skin,skin
REACTOME_TRANSLATION,1.828665e-33,1.643186e-30,1.5023869,-0.6819406,-2.755902,288,Immediately Post-flight,C2,Skin,skin
RODRIGUES_THYROID_CARCINOMA_POORLY_DIFFERENTIATED_DN,8.743327e-05,0.001498516,0.5384341,-0.3132435,-1.372842,769,Immediately Post-flight,C2,Skin,skin
SANA_RESPONSE_TO_IFNG_DN,1.249508e-07,5.005993e-06,0.6901325,-0.6214271,-2.135007,85,Immediately Post-flight,C2,Skin,skin
SMIRNOV_CIRCULATING_ENDOTHELIOCYTES_IN_CANCER_DN,0.002342384,0.0215089,0.4317077,-0.93701,-1.67909,5,Immediately Post-flight,C2,Skin,skin
SPIELMAN_LYMPHOBLAST_EUROPEAN_VS_ASIAN_UP,1.779658e-24,4.145945e-22,1.279034,-0.5447161,-2.312314,475,Immediately Post-flight,C2,Skin,skin
STARK_PREFRONTAL_CORTEX_22Q11_DELETION_DN,2.864653e-17,4.869911e-15,1.06721,-0.4794854,-2.058896,518,Immediately Post-flight,C2,Skin,skin
TAKAO_RESPONSE_TO_UVB_RADIATION_UP,4.597251e-14,5.455983e-12,0.9653278,-0.7379945,-2.541936,84,Immediately Post-flight,C2,Skin,skin
TARTE_PLASMA_CELL_VS_PLASMABLAST_UP,6.003687e-05,0.001100968,0.5573322,-0.3579527,-1.496834,370,Immediately Post-flight,C2,Skin,skin
TIEN_INTESTINE_PROBIOTICS_24HR_DN,2.23262e-10,1.577633e-08,0.8266573,-0.5311297,-2.070521,202,Immediately Post-flight,C2,Skin,skin
TIEN_INTESTINE_PROBIOTICS_6HR_UP,1.275125e-12,1.314842e-10,0.9101197,-0.8292892,-2.506815,44,Immediately Post-flight,C2,Skin,skin
TONG_INTERACT_WITH_PTTG1,0.001605514,0.01619863,0.4550599,-0.5258947,-1.663734,56,Immediately Post-flight,C2,Skin,skin
WANG_TUMOR_INVASIVENESS_UP,5.677374e-36,1.190356e-32,1.563182,-0.6505269,-2.713426,379,Immediately Post-flight,C2,Skin,skin
WEST_ADRENOCORTICAL_TUMOR_DN,5.42557e-06,0.0001421257,0.6105269,-0.3557976,-1.529428,533,Immediately Post-flight,C2,Skin,skin
WONG_EMBRYONIC_STEM_CELL_CORE,1.147587e-11,1.061518e-09,0.8753251,-0.4831046,-1.98669,333,Immediately Post-flight,C2,Skin,skin
WONG_MITOCHONDRIA_GENE_MODULE,1.566689e-08,7.936017e-07,0.733762,-0.4916202,-1.92598,217,Immediately Post-flight,C2,Skin,skin
WP_CYTOPLASMIC_RIBOSOMAL_PROTEINS,5.836456e-29,1.668696e-26,1.3951871,-0.8586348,-2.961072,87,Immediately Post-flight,C2,Skin,skin
WP_ELECTRON_TRANSPORT_CHAIN_OXPHOS_SYSTEM_IN_MITOCHONDRIA,1.228044e-11,1.103485e-09,0.8753251,-0.6957802,-2.397201,89,Immediately Post-flight,C2,Skin,skin
WP_OXIDATIVE_PHOSPHORYLATION,9.785718e-09,5.216285e-07,0.7477397,-0.7296157,-2.279353,52,Immediately Post-flight,C2,Skin,skin
WP_PROTEASOME_DEGRADATION,2.716644e-05,0.000575343,0.5756103,-0.6221658,-2.00284,61,Immediately Post-flight,C2,Skin,skin
YAGI_AML_WITH_INV_16_TRANSLOCATION,1.1813e-08,6.140808e-07,0.7477397,-0.4187645,-1.746944,398,Immediately Post-flight,C2,Skin,skin
YAMASHITA_LIVER_CANCER_WITH_EPCAM_UP,3.734319e-08,1.677323e-06,0.7195128,-0.7175994,-2.23948,53,Immediately Post-flight,C2,Skin,skin
YAO_TEMPORAL_RESPONSE_TO_PROGESTERONE_CLUSTER_13,3.680166e-09,2.104386e-07,0.774939,-0.5328155,-2.017321,173,Immediately Post-flight,C2,Skin,skin
YAO_TEMPORAL_RESPONSE_TO_PROGESTERONE_CLUSTER_17,9.186933e-10,5.896511e-08,0.8012156,-0.5321147,-2.052464,181,Immediately Post-flight,C2,Skin,skin
ZHANG_RESPONSE_TO_CANTHARIDIN_DN,3.912352e-06,0.0001074615,0.6105269,-0.6300037,-2.045428,63,Immediately Post-flight,C2,Skin,skin
ZHONG_SECRETOME_OF_LUNG_CANCER_AND_FIBROBLAST,5.153691e-15,6.615656e-13,0.9969862,-0.6759251,-2.466104,130,Immediately Post-flight,C2,Skin,skin
ZHONG_SECRETOME_OF_LUNG_CANCER_AND_MACROPHAGE,2.563896e-07,9.376108e-06,0.6749629,-0.6368716,-2.135194,74,Immediately Post-flight,C2,Skin,skin
GOBP_AMIDE_BIOSYNTHETIC_PROCESS,4.078599e-26,2.108776e-23,1.3267161,-0.4880011,-2.141257,774,Immediately Post-flight,C5,Skin,skin
GOBP_ATP_SYNTHESIS_COUPLED_ELECTRON_TRANSPORT,8.242427e-10,1.486754e-07,0.8012156,-0.6654411,-2.308145,84,Immediately Post-flight,C5,Skin,skin
GOBP_BIOLOGICAL_PROCESS_INVOLVED_IN_SYMBIOTIC_INTERACTION,1.813138e-37,9.062063e-34,1.5959567,-0.4993901,-2.216501,983,Immediately Post-flight,C5,Skin,skin
GOBP_CELLULAR_PROTEIN_CONTAINING_COMPLEX_ASSEMBLY,1.346796e-13,3.671611e-11,0.9436322,-0.3747861,-1.672787,1022,Immediately Post-flight,C5,Skin,skin
GOBP_CIRCULATORY_SYSTEM_DEVELOPMENT,0.001508241,0.02967709,0.4550599,-0.2766321,-1.234848,1028,Immediately Post-flight,C5,Skin,skin
GOBP_COTRANSLATIONAL_PROTEIN_TARGETING_TO_MEMBRANE,7.431874e-28,5.306358e-25,1.372743,-0.8398451,-2.985902,98,Immediately Post-flight,C5,Skin,skin
GOBP_CYTOPLASMIC_TRANSLATION,2.589801e-17,9.030577e-15,1.0768682,-0.7575692,-2.693386,98,Immediately Post-flight,C5,Skin,skin
GOBP_ESTABLISHMENT_OF_PROTEIN_LOCALIZATION_TO_ENDOPLASMIC_RETICULUM,5.692897e-26,2.753526e-23,1.3188888,-0.8009147,-2.917061,112,Immediately Post-flight,C5,Skin,skin
GOBP_ESTABLISHMENT_OF_PROTEIN_LOCALIZATION_TO_MEMBRANE,3.789761e-26,2.092571e-23,1.3267161,-0.6130643,-2.520657,338,Immediately Post-flight,C5,Skin,skin
GOBP_ESTABLISHMENT_OF_PROTEIN_LOCALIZATION_TO_ORGANELLE,1.33337e-26,7.689442e-24,1.3344975,-0.5281998999999999,-2.255484,557,Immediately Post-flight,C5,Skin,skin
GOBP_MATURATION_OF_SSU_RRNA,0.002754745,0.04441359,0.4317077,-0.5417899,-1.702259,49,Immediately Post-flight,C5,Skin,skin
GOBP_MRNA_METABOLIC_PROCESS,2.209435e-42,1.656414e-38,1.6965862,-0.5436074,-2.400392,828,Immediately Post-flight,C5,Skin,skin
GOBP_MUSCLE_CELL_DIFFERENTIATION,0.0006304262,0.01583352,0.4772708,-0.3514198,-1.441426,332,Immediately Post-flight,C5,Skin,skin
GOBP_MUSCLE_STRUCTURE_DEVELOPMENT,8.571543e-05,0.003413792,0.5384341,-0.3244427,-1.3899,573,Immediately Post-flight,C5,Skin,skin
GOBP_NCRNA_METABOLIC_PROCESS,0.00217138,0.03790184,0.4317077,-0.309782,-1.304621,471,Immediately Post-flight,C5,Skin,skin
GOBP_NCRNA_PROCESSING,0.001860403,0.03410132,0.4550599,-0.3237502,-1.347796,381,Immediately Post-flight,C5,Skin,skin
GOBP_NEGATIVE_REGULATION_OF_GENE_EXPRESSION,2.904681e-33,6.221826e-30,1.5023869,-0.4629695,-2.068149,1125,Immediately Post-flight,C5,Skin,skin
GOBP_NUCLEAR_TRANSCRIBED_MRNA_CATABOLIC_PROCESS,4.918781e-31,6.146017e-28,1.4462029,-0.7231433,-2.832683,206,Immediately Post-flight,C5,Skin,skin
GOBP_NUCLEAR_TRANSCRIBED_MRNA_CATABOLIC_PROCESS_NONSENSE_MEDIATED_DECAY,2.745257e-29,2.421316e-26,1.4025887,-0.81399,-2.993762,119,Immediately Post-flight,C5,Skin,skin
GOBP_ORGANIC_CYCLIC_COMPOUND_CATABOLIC_PROCESS,4.847521e-26,2.422791e-23,1.3267161,-0.5114863,-2.197156,625,Immediately Post-flight,C5,Skin,skin
GOBP_OXIDATIVE_PHOSPHORYLATION,1.490978e-11,3.336675e-09,0.8634154,-0.6227343,-2.310551,129,Immediately Post-flight,C5,Skin,skin
GOBP_PEPTIDE_BIOSYNTHETIC_PROCESS,9.123357e-33,1.709945e-29,1.4885397,-0.5408577,-2.331551,640,Immediately Post-flight,C5,Skin,skin
GOBP_PEPTIDE_METABOLIC_PROCESS,4.837499e-29,3.817551e-26,1.4025887,-0.4935563,-2.174214,791,Immediately Post-flight,C5,Skin,skin
GOBP_POSITIVE_REGULATION_OF_CELL_DIFFERENTIATION,0.0008127395,0.01901126,0.4772708,-0.2897289,-1.275187,801,Immediately Post-flight,C5,Skin,skin
GOBP_POSITIVE_REGULATION_OF_DEVELOPMENTAL_PROCESS,0.0003687848,0.01039391,0.4984931,-0.277946,-1.245925,1211,Immediately Post-flight,C5,Skin,skin
GOBP_POSTTRANSCRIPTIONAL_REGULATION_OF_GENE_EXPRESSION,1.767434e-17,6.309741e-15,1.0768682,-0.4601831,-1.984751,603,Immediately Post-flight,C5,Skin,skin
GOBP_PROTEIN_LOCALIZATION_TO_ENDOPLASMIC_RETICULUM,4.657011e-29,3.817551e-26,1.4025887,-0.78054,-2.912435,139,Immediately Post-flight,C5,Skin,skin
GOBP_PROTEIN_LOCALIZATION_TO_MEMBRANE,1.416646e-25,6.637874e-23,1.3110148,-0.5019093,-2.164167,642,Immediately Post-flight,C5,Skin,skin
GOBP_PROTEIN_LOCALIZATION_TO_ORGANELLE,2.299326e-25,1.04473e-22,1.3030932,-0.4495696,-2.000547,971,Immediately Post-flight,C5,Skin,skin
GOBP_PROTEIN_TARGETING,3.907695e-26,2.092571e-23,1.3267161,-0.5711982,-2.391422,424,Immediately Post-flight,C5,Skin,skin
GOBP_PROTEIN_TARGETING_TO_MEMBRANE,1.302387e-24,5.579425e-22,1.2871037,-0.6949227,-2.702593,196,Immediately Post-flight,C5,Skin,skin
GOBP_REGULATION_OF_HYDROLASE_ACTIVITY,3.014749e-05,0.001472228,0.5756103,-0.2875873,-1.291667,1234,Immediately Post-flight,C5,Skin,skin
GOBP_RESPIRATORY_ELECTRON_TRANSPORT_CHAIN,1.190316e-08,1.716115e-06,0.7477397,-0.6235229,-2.221706,101,Immediately Post-flight,C5,Skin,skin
GOBP_RIBONUCLEOPROTEIN_COMPLEX_BIOGENESIS,1.648486e-10,3.168898e-08,0.8266573,-0.4358594,-1.827495,428,Immediately Post-flight,C5,Skin,skin
GOBP_RIBONUCLEOPROTEIN_COMPLEX_SUBUNIT_ORGANIZATION,2.25553e-09,3.784769e-07,0.774939,-0.5290369,-2.051694,191,Immediately Post-flight,C5,Skin,skin
GOBP_RIBOSOMAL_LARGE_SUBUNIT_BIOGENESIS,0.0001706928,0.005810545,0.5188481,-0.5467693,-1.841966,70,Immediately Post-flight,C5,Skin,skin
GOBP_RIBOSOMAL_SMALL_SUBUNIT_ASSEMBLY,1.171154e-05,0.0006886383,0.5933255,-0.8323967,-2.107304,18,Immediately Post-flight,C5,Skin,skin
GOBP_RIBOSOMAL_SMALL_SUBUNIT_BIOGENESIS,5.468845e-07,4.910171e-05,0.6594444,-0.6319558,-2.141413,72,Immediately Post-flight,C5,Skin,skin
GOBP_RIBOSOME_ASSEMBLY,2.28148e-05,0.001168096,0.5756103,-0.6041783,-1.972685,59,Immediately Post-flight,C5,Skin,skin
GOBP_RIBOSOME_BIOGENESIS,3.717889e-06,0.0002557157,0.6272567,-0.403561,-1.632464,297,Immediately Post-flight,C5,Skin,skin
GOBP_RNA_CATABOLIC_PROCESS,6.410058e-36,1.922248e-32,1.5565442,-0.634353,-2.637658,408,Immediately Post-flight,C5,Skin,skin
GOBP_RRNA_METABOLIC_PROCESS,7.191401e-05,0.002970465,0.5384341,-0.3994172,-1.589743,231,Immediately Post-flight,C5,Skin,skin
GOBP_STRIATED_MUSCLE_CELL_DIFFERENTIATION,0.001375355,0.02764352,0.4550599,-0.3576052,-1.428453,251,Immediately Post-flight,C5,Skin,skin
GOBP_TRANSLATIONAL_ELONGATION,0.0005898387,0.01501535,0.4772708,-0.4361026,-1.624836,130,Immediately Post-flight,C5,Skin,skin
GOBP_TRANSLATIONAL_INITIATION,5.919961e-32,9.862656e-29,1.467524,-0.7456607,-2.890532,188,Immediately Post-flight,C5,Skin,skin
GOBP_VIRAL_GENE_EXPRESSION,3.989089e-31,5.437491e-28,1.4462029,-0.7393873,-2.867627,195,Immediately Post-flight,C5,Skin,skin
GOCC_ANCHORING_JUNCTION,6.094202e-30,7.028958e-27,1.4245627,-0.4908355,-2.163609,817,Immediately Post-flight,C5,Skin,skin
GOCC_CELL_SUBSTRATE_JUNCTION,3.061307e-37,1.147531e-33,1.5894558,-0.6303405,-2.636301,418,Immediately Post-flight,C5,Skin,skin
GOCC_CYTOCHROME_COMPLEX,0.0001481124,0.005300231,0.5188481,-0.7066103,-1.988818,28,Immediately Post-flight,C5,Skin,skin
GOCC_CYTOSOLIC_LARGE_RIBOSOMAL_SUBUNIT,3.33919e-17,1.137905e-14,1.06721,-0.8538032,-2.748431,54,Immediately Post-flight,C5,Skin,skin
GOCC_CYTOSOLIC_RIBOSOME,1.332519e-27,8.32491e-25,1.3651796,-0.8266163,-2.955519,103,Immediately Post-flight,C5,Skin,skin
GOCC_CYTOSOLIC_SMALL_RIBOSOMAL_SUBUNIT,2.270283e-11,5.005975e-09,0.8634154,-0.805299,-2.460369,45,Immediately Post-flight,C5,Skin,skin
GOCC_INNER_MITOCHONDRIAL_MEMBRANE_PROTEIN_COMPLEX,6.266517e-11,1.287125e-08,0.8390889,-0.6104343,-2.267172,126,Immediately Post-flight,C5,Skin,skin
GOCC_LARGE_RIBOSOMAL_SUBUNIT,1.194212e-17,4.367322e-15,1.0864405,-0.7321372,-2.659193,111,Immediately Post-flight,C5,Skin,skin
GOCC_MITOCHONDRIAL_PROTEIN_CONTAINING_COMPLEX,1.536897e-10,2.992758e-08,0.8266573,-0.5060259,-2.023487,248,Immediately Post-flight,C5,Skin,skin
GOCC_NUCLEOLUS,2.27177e-09,3.784769e-07,0.774939,-0.3507736,-1.558719,924,Immediately Post-flight,C5,Skin,skin
GOCC_POLYSOMAL_RIBOSOME,4.934998e-11,1.027713e-08,0.8513391,-0.8654195,-2.49074,31,Immediately Post-flight,C5,Skin,skin
GOCC_POLYSOME,1.327291e-13,3.671611e-11,0.9436322,-0.7734414,-2.610719,67,Immediately Post-flight,C5,Skin,skin
GOCC_RESPIRASOME,1.956381e-08,2.691191e-06,0.733762,-0.628895,-2.189101,87,Immediately Post-flight,C5,Skin,skin
GOCC_RESPIRATORY_CHAIN_COMPLEX,2.489723e-07,2.488727e-05,0.6749629,-0.6474683,-2.209363,73,Immediately Post-flight,C5,Skin,skin
GOCC_RESPIRATORY_CHAIN_COMPLEX_IV,0.001429971,0.02839866,0.4550599,-0.730166,-1.848496,18,Immediately Post-flight,C5,Skin,skin
GOCC_RIBONUCLEOPROTEIN_COMPLEX,3.395863e-34,8.486261e-31,1.5229216,-0.5457927,-2.365328,657,Immediately Post-flight,C5,Skin,skin
GOCC_RIBOSOMAL_SUBUNIT,2.660258e-29,2.421316e-26,1.4025887,-0.7366565,-2.84165,182,Immediately Post-flight,C5,Skin,skin
GOCC_RIBOSOME,8.924394e-32,1.338124e-28,1.467524,-0.7239978,-2.862443,216,Immediately Post-flight,C5,Skin,skin
GOCC_SMALL_RIBOSOMAL_SUBUNIT,7.590882e-12,1.778401e-09,0.8753251,-0.7364845,-2.513114,73,Immediately Post-flight,C5,Skin,skin
GOMF_MRNA_5_UTR_BINDING,9.822499e-05,0.003795839,0.5384341,-0.7460612,-2.038217,25,Immediately Post-flight,C5,Skin,skin
GOMF_MRNA_BINDING,3.0841e-14,8.892884e-12,0.9653278,-0.5402323,-2.180588,281,Immediately Post-flight,C5,Skin,skin
GOMF_RRNA_BINDING,3.897981e-07,3.652896e-05,0.6749629,-0.670704,-2.215686,61,Immediately Post-flight,C5,Skin,skin
GOMF_STRUCTURAL_CONSTITUENT_OF_RIBOSOME,9.486415e-30,9.482621e-27,1.4172759,-0.7687382,-2.917302,156,Immediately Post-flight,C5,Skin,skin
GOMF_STRUCTURAL_MOLECULE_ACTIVITY,2.710395e-27,1.625587e-24,1.3575741,-0.5113018,-2.219092,662,Immediately Post-flight,C5,Skin,skin
GOMF_TRANSLATION_REGULATOR_ACTIVITY,1.740114e-07,1.811894e-05,0.6901325,-0.53862,-1.998459,129,Immediately Post-flight,C5,Skin,skin
HP_ABNORMALITY_OF_NEUTROPHILS,3.579306e-09,5.83349e-07,0.774939,-0.4815428,-1.924129,249,Immediately Post-flight,C5,Skin,skin
HP_ABNORMALITY_OF_THE_CERVICAL_SPINE,9.639182e-05,0.003752788,0.5384341,-0.3586975,-1.483955,362,Immediately Post-flight,C5,Skin,skin
HP_ABNORMALITY_OF_THE_HAIRLINE,0.003133611,0.04909651,0.4317077,-0.3603756,-1.415958,211,Immediately Post-flight,C5,Skin,skin
HP_ABNORMALITY_OF_THE_MUSCULATURE_OF_THE_HAND,1.546225e-07,1.656007e-05,0.6901325,-0.6075711,-2.108697,89,Immediately Post-flight,C5,Skin,skin
HP_ABNORMALITY_OF_THE_MUSCULATURE_OF_THE_UPPER_LIMBS,5.640387e-07,5.034045e-05,0.6594444,-0.4730376,-1.851163,202,Immediately Post-flight,C5,Skin,skin
HP_ABNORMALITY_OF_THE_THENAR_EMINENCE,7.940123e-08,9.524337e-06,0.7049757,-0.8106489,-2.298483,29,Immediately Post-flight,C5,Skin,skin
HP_ABNORMAL_AORTIC_MORPHOLOGY,1.647485e-09,2.872371e-07,0.7881868,-0.4571889,-1.867008,315,Immediately Post-flight,C5,Skin,skin
HP_ABNORMAL_CARDIAC_ATRIUM_MORPHOLOGY,0.0005445374,0.01412594,0.4772708,-0.3312344,-1.385762,416,Immediately Post-flight,C5,Skin,skin
HP_ABNORMAL_CARDIAC_VENTRICLE_MORPHOLOGY,2.32876e-05,0.001187668,0.5756103,-0.3488502,-1.476225,528,Immediately Post-flight,C5,Skin,skin
HP_ABNORMAL_ENZYME_COENZYME_ACTIVITY,0.0003478819,0.01001179,0.4984931,-0.3304477,-1.387595,432,Immediately Post-flight,C5,Skin,skin
HP_ABNORMAL_ERYTHROCYTE_ENZYME_LEVEL,3.915921e-06,0.0002656802,0.6105269,-0.7606083,-2.1566,29,Immediately Post-flight,C5,Skin,skin
HP_ABNORMAL_ERYTHROCYTE_MORPHOLOGY,0.0001919736,0.006271138,0.5188481,-0.3256497,-1.391179,560,Immediately Post-flight,C5,Skin,skin
HP_ABNORMAL_HAIR_PATTERN,0.0007437273,0.01776643,0.4772708,-0.3666712,-1.48365,282,Immediately Post-flight,C5,Skin,skin
HP_ABNORMAL_HAND_MORPHOLOGY,0.00117447,0.02466387,0.4550599,-0.3325279,-1.37398,367,Immediately Post-flight,C5,Skin,skin
HP_ABNORMAL_HEMOGLOBIN,1.375604e-07,1.48387e-05,0.6901325,-0.7007252,-2.238933,53,Immediately Post-flight,C5,Skin,skin
HP_ABNORMAL_LARGE_INTESTINE_MORPHOLOGY,7.919718e-07,6.785615e-05,0.6594444,-0.4566636,-1.818225,233,Immediately Post-flight,C5,Skin,skin
HP_ABNORMAL_LOCALIZATION_OF_KIDNEY,0.00291089,0.0464318,0.4317077,-0.3890081,-1.478425,163,Immediately Post-flight,C5,Skin,skin
HP_ABNORMAL_MEAN_CORPUSCULAR_VOLUME,4.249165e-05,0.001930666,0.5573322,-0.630323,-1.980423,49,Immediately Post-flight,C5,Skin,skin
HP_ABNORMAL_MORPHOLOGY_OF_THE_GREAT_VESSELS,3.969868e-05,0.001837167,0.5573322,-0.3340381,-1.431419,565,Immediately Post-flight,C5,Skin,skin
HP_ABNORMAL_MYELOID_LEUKOCYTE_MORPHOLOGY,6.734868e-10,1.231495e-07,0.8012156,-0.465275,-1.902069,312,Immediately Post-flight,C5,Skin,skin
HP_ABNORMAL_NEUTROPHIL_COUNT,3.516694e-05,0.001652957,0.5573322,-0.4462635,-1.716598,174,Immediately Post-flight,C5,Skin,skin
HP_ABNORMAL_NUMBER_OF_ERYTHROID_PRECURSORS,2.326537e-06,0.0001729393,0.6272567,-0.7183321,-2.142166,38,Immediately Post-flight,C5,Skin,skin
HP_ABNORMAL_RETICULOCYTE_MORPHOLOGY,2.411713e-06,0.0001767967,0.6272567,-0.6102166,-2.067749,72,Immediately Post-flight,C5,Skin,skin
HP_ABNORMAL_SCAPULA_MORPHOLOGY,6.001004e-05,0.00257083,0.5573322,-0.4654705,-1.744672,145,Immediately Post-flight,C5,Skin,skin
HP_ABNORMAL_SOFT_PALATE_MORPHOLOGY,0.002418966,0.04054759,0.4317077,-0.3753602,-1.469649,204,Immediately Post-flight,C5,Skin,skin
HP_ABNORMAL_SYSTEMIC_ARTERIAL_MORPHOLOGY,2.257126e-08,3.048951e-06,0.733762,-0.4112749,-1.722812,420,Immediately Post-flight,C5,Skin,skin
HP_ABNORMAL_THUMB_MORPHOLOGY,0.0004689436,0.01258095,0.4984931,-0.3486429,-1.436697,339,Immediately Post-flight,C5,Skin,skin
HP_ABNORMAL_VENTRICULAR_SEPTUM_MORPHOLOGY,6.390596e-05,0.002699172,0.5384341,-0.3563907,-1.481313,389,Immediately Post-flight,C5,Skin,skin
HP_ABSENT_THUMB,3.024184e-05,0.001472228,0.5756103,-0.6533806,-1.995097,44,Immediately Post-flight,C5,Skin,skin
HP_ACUTE_LEUKEMIA,5.58322e-05,0.002447801,0.5573322,-0.5122134,-1.831389,103,Immediately Post-flight,C5,Skin,skin
HP_ACUTE_MYELOID_LEUKEMIA,4.511697e-06,0.0002980105,0.6105269,-0.6229731,-2.102819,67,Immediately Post-flight,C5,Skin,skin
HP_ADENOCARCINOMA_OF_THE_INTESTINES,5.123347e-06,0.0003325518,0.6105269,-0.7192692,-2.093261,35,Immediately Post-flight,C5,Skin,skin
HP_ADENOCARCINOMA_OF_THE_LARGE_INTESTINE,7.489611e-06,0.0004565009,0.6105269,-0.7504568,-2.14348,30,Immediately Post-flight,C5,Skin,skin
HP_ANEMIA_OF_INADEQUATE_PRODUCTION,0.0006941454,0.01697542,0.4772708,-0.4149728,-1.577104,163,Immediately Post-flight,C5,Skin,skin
HP_APLASIA_HYPOPLASIA_OF_THE_EAR,0.001195289,0.02496123,0.4550599,-0.4160819,-1.557131,142,Immediately Post-flight,C5,Skin,skin
HP_APLASIA_HYPOPLASIA_OF_THE_THUMB,0.0003176147,0.009301396,0.4984931,-0.46145,-1.704615,124,Immediately Post-flight,C5,Skin,skin
HP_APLASIA_OF_THE_FINGERS,2.173959e-06,0.0001638007,0.6272567,-0.622015,-2.087237,66,Immediately Post-flight,C5,Skin,skin
HP_COARCTATION_OF_AORTA,4.497787e-05,0.00203132,0.5573322,-0.5028983,-1.831637,112,Immediately Post-flight,C5,Skin,skin
HP_DEVELOPMENTAL_CATARACT,0.0002474738,0.007588183,0.4984931,-0.4779339,-1.74941,116,Immediately Post-flight,C5,Skin,skin
HP_DEVELOPMENTAL_GLAUCOMA,9.050001e-05,0.003561567,0.5384341,-0.5823336,-1.939862,64,Immediately Post-flight,C5,Skin,skin
HP_DUPLICATION_OF_THUMB_PHALANX,4.065056e-06,0.0002745561,0.6105269,-0.6667842,-2.103034,51,Immediately Post-flight,C5,Skin,skin
HP_ELEVATED_RED_CELL_ADENOSINE_DEAMINASE_LEVEL,8.843198e-08,1.027867e-05,0.7049757,-0.8575295,-2.275392,22,Immediately Post-flight,C5,Skin,skin
HP_ERYTHROID_HYPOPLASIA,1.169025e-07,1.298398e-05,0.7049757,-0.8414612,-2.298847,25,Immediately Post-flight,C5,Skin,skin
HP_FEEDING_DIFFICULTIES_IN_INFANCY,0.002150326,0.03770994,0.4317077,-0.3045784,-1.29164,503,Immediately Post-flight,C5,Skin,skin
HP_GASTROINTESTINAL_CARCINOMA,8.889622e-05,0.003507658,0.5384341,-0.5813725,-1.947625,65,Immediately Post-flight,C5,Skin,skin
HP_HORSESHOE_KIDNEY,3.339631e-06,0.0002339926,0.6272567,-0.5905004,-2.034091,82,Immediately Post-flight,C5,Skin,skin
HP_HYDROPS_FETALIS,0.0001198452,0.004458954,0.5384341,-0.5185585,-1.818696,94,Immediately Post-flight,C5,Skin,skin
HP_INCREASED_MEAN_CORPUSCULAR_VOLUME,5.326008e-05,0.002362667,0.5573322,-0.6788228,-2.027772,39,Immediately Post-flight,C5,Skin,skin
HP_LETHARGY,0.0016459,0.03143774,0.4550599,-0.3868824,-1.492218,184,Immediately Post-flight,C5,Skin,skin
HP_LEUKEMIA,0.0002185024,0.006839718,0.5188481,-0.4482167,-1.676901,143,Immediately Post-flight,C5,Skin,skin
HP_MACROCYTIC_ANEMIA,1.890227e-06,0.0001490425,0.6435518,-0.6471293,-2.112923,59,Immediately Post-flight,C5,Skin,skin
HP_MALIGNANT_GENITOURINARY_TRACT_TUMOR,1.062964e-06,8.903958e-05,0.6435518,-0.8073029,-2.226581,26,Immediately Post-flight,C5,Skin,skin
HP_MYELODYSPLASIA,0.0001704172,0.005810545,0.5188481,-0.5044722,-1.79751,101,Immediately Post-flight,C5,Skin,skin
HP_NEOPLASM_BY_HISTOLOGY,0.0001096895,0.004174326,0.5384341,-0.3708941,-1.514071,316,Immediately Post-flight,C5,Skin,skin
HP_NEOPLASM_OF_THE_COLON,0.0001309453,0.004777113,0.5188481,-0.5281772,-1.813136,78,Immediately Post-flight,C5,Skin,skin
HP_NEOPLASM_OF_THE_GASTROINTESTINAL_TRACT,0.002355476,0.03986232,0.4317077,-0.3571256,-1.42747,255,Immediately Post-flight,C5,Skin,skin
HP_NEOPLASM_OF_THE_GENITOURINARY_TRACT,0.0004349413,0.01189941,0.4984931,-0.4029223,-1.58253,210,Immediately Post-flight,C5,Skin,skin
HP_NEOPLASM_OF_THE_LARGE_INTESTINE,5.974419e-05,0.00257083,0.5573322,-0.5144243,-1.854994,105,Immediately Post-flight,C5,Skin,skin
HP_NEOPLASM_OF_THE_SKELETAL_SYSTEM,6.668038e-05,0.002792753,0.5384341,-0.5311701,-1.854949,93,Immediately Post-flight,C5,Skin,skin
HP_NONIMMUNE_HYDROPS_FETALIS,5.185398e-05,0.002320891,0.5573322,-0.655538,-1.965428,40,Immediately Post-flight,C5,Skin,skin
HP_NORMOCHROMIC_ANEMIA,3.72484e-08,4.773526e-06,0.7195128,-0.8103777,-2.332326,31,Immediately Post-flight,C5,Skin,skin
HP_OCULAR_ANTERIOR_SEGMENT_DYSGENESIS,0.0008685225,0.02006568,0.4772708,-0.3540222,-1.432038,274,Immediately Post-flight,C5,Skin,skin
HP_OSTEOSARCOMA,2.961648e-08,3.861474e-06,0.733762,-0.8055526,-2.33709,33,Immediately Post-flight,C5,Skin,skin
HP_PALLOR,0.000175757,0.005960395,0.5188481,-0.4609726,-1.718707,136,Immediately Post-flight,C5,Skin,skin
HP_PARTIAL_DUPLICATION_OF_THE_PHALANX_OF_HAND,2.008547e-05,0.001056707,0.5756103,-0.6963208,-2.080042,39,Immediately Post-flight,C5,Skin,skin
HP_PERSISTENCE_OF_HEMOGLOBIN_F,1.026968e-06,8.650763e-05,0.6435518,-0.7793972,-2.209873,29,Immediately Post-flight,C5,Skin,skin
HP_POSITIONAL_FOOT_DEFORMITY,8.304222e-05,0.00332036,0.5384341,-0.3636505,-1.503334,360,Immediately Post-flight,C5,Skin,skin
HP_PURE_RED_CELL_APLASIA,4.158535e-07,3.802017e-05,0.6749629,-0.8281279,-2.262421,25,Immediately Post-flight,C5,Skin,skin
HP_REDUCED_CONSCIOUSNESS_CONFUSION,0.001342936,0.02713745,0.4550599,-0.3355484,-1.381749,351,Immediately Post-flight,C5,Skin,skin
HP_RETICULOCYTOPENIA,1.851765e-09,3.191422e-07,0.7881868,-0.8321636,-2.414295,33,Immediately Post-flight,C5,Skin,skin
HP_SARCOMA,2.351485e-05,0.001191154,0.5756103,-0.4534704,-1.725291,164,Immediately Post-flight,C5,Skin,skin
HP_SHORT_THUMB,0.0001193315,0.004450888,0.5384341,-0.5187703,-1.839277,96,Immediately Post-flight,C5,Skin,skin
HP_SMALL_FOR_GESTATIONAL_AGE,0.002068075,0.03687125,0.4317077,-0.3623126,-1.425495,213,Immediately Post-flight,C5,Skin,skin
HP_SPRENGEL_ANOMALY,2.411894e-08,3.200349e-06,0.733762,-0.7278855,-2.295747,51,Immediately Post-flight,C5,Skin,skin
HP_THROMBOCYTOSIS,3.575841e-06,0.0002476898,0.6272567,-0.6800509,-2.143334,50,Immediately Post-flight,C5,Skin,skin
HP_WEBBED_NECK,7.187919e-06,0.0004472019,0.6105269,-0.5417666,-1.965625,109,Immediately Post-flight,C5,Skin,skin
