pathway,pval,padj,log2err,ES,NES,size,celltype,sample,info
HALLMARK_MITOTIC_SPINDLE,1.715192e-06,1.164011e-05,0.6435518,0.5683205,1.853034,199,GeneLab Mice,GeneLab Mice,Hallmark
HALLMARK_MYC_TARGETS_V1,2.112487e-14,1.056244e-12,0.9759947,-0.6423905,-2.335481,201,GeneLab Mice,GeneLab Mice,Hallmark
HALLMARK_OXIDATIVE_PHOSPHORYLATION,0.001890613,0.006302044,0.4550599,-0.4013404,-1.459414,199,GeneLab Mice,GeneLab Mice,Hallmark
HALLMARK_UV_RESPONSE_DN,0.01328294,0.03495511,0.3807304,0.4585092,1.449371,144,GeneLab Mice,GeneLab Mice,Hallmark
ACEVEDO_LIVER_TUMOR_VS_NORMAL_ADJACENT_TISSUE_UP,2.471385e-19,5.757413e-17,1.1330899,-0.458329,-1.882949,867,GeneLab Mice,GeneLab Mice,C2
ACEVEDO_METHYLATED_IN_LIVER_CANCER_DN,0.0001420013,0.002205402,0.5188481,0.4083548,1.430986,624,GeneLab Mice,GeneLab Mice,C2
ANDERSEN_LIVER_CANCER_KRT19_UP,1.639003e-06,5.369444e-05,0.6435518,-0.7921593,-2.216688,35,GeneLab Mice,GeneLab Mice,C2
BENPORATH_MYC_MAX_TARGETS,2.650259e-24,1.667013e-21,1.279034,-0.5024358,-2.051271,779,GeneLab Mice,GeneLab Mice,C2
BENPORATH_MYC_TARGETS_WITH_EBOX,0.0005375807,0.006135212,0.4772708,-0.4117173,-1.527866,227,GeneLab Mice,GeneLab Mice,C2
BENPORATH_SUZ12_TARGETS,9.934945e-16,1.56227e-13,1.0175448,0.5071826,1.800912,860,GeneLab Mice,GeneLab Mice,C2
BHATI_G2M_ARREST_BY_2METHOXYESTRADIOL_DN,0.006152704,0.03637266,0.4070179,-0.4357353,-1.500953,113,GeneLab Mice,GeneLab Mice,C2
BHATTACHARYA_EMBRYONIC_STEM_CELL,0.008079351,0.04377185,0.3807304,-0.4637517,-1.513678,78,GeneLab Mice,GeneLab Mice,C2
BILANGES_RAPAMYCIN_SENSITIVE_VIA_TSC1_AND_TSC2,4.174714e-06,0.0001148429,0.6105269,-0.6754341,-2.17051,69,GeneLab Mice,GeneLab Mice,C2
BILANGES_SERUM_AND_RAPAMYCIN_SENSITIVE_GENES,5.735389e-11,5.228348e-09,0.8513391,-0.7800746,-2.506772,69,GeneLab Mice,GeneLab Mice,C2
BILANGES_SERUM_RESPONSE_TRANSLATION,0.001245799,0.01125616,0.4550599,-0.6595003,-1.804594,32,GeneLab Mice,GeneLab Mice,C2
BLANCO_MELO_BETA_INTERFERON_TREATED_BRONCHIAL_EPITHELIAL_CELLS_UP,2.104926e-06,6.619992e-05,0.6272567,0.5058392,1.71129,334,GeneLab Mice,GeneLab Mice,C2
BOUDOUKHA_BOUND_BY_IGF2BP2,0.0006402237,0.007051195,0.4772708,-0.502173,-1.717648,104,GeneLab Mice,GeneLab Mice,C2
BRUINS_UVC_RESPONSE_VIA_TP53_GROUP_A,0.000165258,0.002504753,0.5188481,0.3932881,1.392142,799,GeneLab Mice,GeneLab Mice,C2
CAIRO_HEPATOBLASTOMA_CLASSES_UP,1.766182e-20,5.290135e-18,1.16907,-0.5201579,-2.096772,603,GeneLab Mice,GeneLab Mice,C2
CHARAFE_BREAST_CANCER_LUMINAL_VS_MESENCHYMAL_DN,4.472419e-10,3.473027e-08,0.8140358,0.5258559,1.81978,449,GeneLab Mice,GeneLab Mice,C2
CHEN_METABOLIC_SYNDROM_NETWORK,0.0003184087,0.004129466,0.4984931,0.3639583,1.309128,1227,GeneLab Mice,GeneLab Mice,C2
CHICAS_RB1_TARGETS_LOW_SERUM,5.603461e-06,0.000149982,0.6105269,-0.5936557,-1.971169,89,GeneLab Mice,GeneLab Mice,C2
CHNG_MULTIPLE_MYELOMA_HYPERPLOID_UP,6.844897e-09,3.986519e-07,0.7614608,-0.7653683,-2.373305,57,GeneLab Mice,GeneLab Mice,C2
CLASPER_LYMPHATIC_VESSELS_DURING_METASTASIS_DN,0.00201956,0.01630685,0.4317077,0.6845271,1.720634,35,GeneLab Mice,GeneLab Mice,C2
CREIGHTON_ENDOCRINE_THERAPY_RESISTANCE_3,0.0004383183,0.005271553,0.4984931,0.3942048,1.385822,677,GeneLab Mice,GeneLab Mice,C2
CREIGHTON_ENDOCRINE_THERAPY_RESISTANCE_5,0.0009811743,0.009480163,0.4550599,0.4106686,1.423899,471,GeneLab Mice,GeneLab Mice,C2
CUI_TCF21_TARGETS_2_DN,1.619133e-12,1.921574e-10,0.9101197,0.48744,1.727001,835,GeneLab Mice,GeneLab Mice,C2
DACOSTA_UV_RESPONSE_VIA_ERCC3_COMMON_DN,4.820877e-07,1.762983e-05,0.6594444,0.487004,1.68855,459,GeneLab Mice,GeneLab Mice,C2
DACOSTA_UV_RESPONSE_VIA_ERCC3_DN,4.633116e-10,3.553939e-08,0.8140358,0.4634149,1.643869,844,GeneLab Mice,GeneLab Mice,C2
DACOSTA_UV_RESPONSE_VIA_ERCC3_TTD_DN,0.00042031,0.005113636,0.4984931,0.5941268,1.746648,83,GeneLab Mice,GeneLab Mice,C2
DACOSTA_UV_RESPONSE_VIA_ERCC3_XPCS_DN,0.006004701,0.0357328,0.4070179,0.54765,1.601276,81,GeneLab Mice,GeneLab Mice,C2
DANG_MYC_TARGETS_UP,2.756121e-11,2.626667e-09,0.8634154,-0.6640717,-2.312859,129,GeneLab Mice,GeneLab Mice,C2
DAVICIONI_MOLECULAR_ARMS_VS_ERMS_UP,0.001550425,0.01338995,0.4550599,0.4290043,1.44513,323,GeneLab Mice,GeneLab Mice,C2
DAZARD_RESPONSE_TO_UV_NHEK_DN,0.001042571,0.009831746,0.4550599,0.4459114,1.497278,295,GeneLab Mice,GeneLab Mice,C2
DAZARD_UV_RESPONSE_CLUSTER_G1,0.000380464,0.004746703,0.4984931,-0.5950745,-1.861933,58,GeneLab Mice,GeneLab Mice,C2
DAZARD_UV_RESPONSE_CLUSTER_G6,3.359738e-05,0.0007047039,0.5573322,0.5782992,1.811466,141,GeneLab Mice,GeneLab Mice,C2
DUTERTRE_ESTRADIOL_RESPONSE_24HR_DN,7.822168e-07,2.718311e-05,0.6594444,0.4658822,1.619818,498,GeneLab Mice,GeneLab Mice,C2
FLORIO_NEOCORTEX_BASAL_RADIAL_GLIA_UP,1.68405e-06,5.488431e-05,0.6435518,0.5083321,1.716402,328,GeneLab Mice,GeneLab Mice,C2
FLOTHO_PEDIATRIC_ALL_THERAPY_RESPONSE_UP,8.299473e-09,4.74579e-07,0.7477397,-0.7767508,-2.326664,50,GeneLab Mice,GeneLab Mice,C2
FOSTER_TOLERANT_MACROPHAGE_DN,1.172874e-06,3.966332e-05,0.6435518,0.4794117,1.651415,413,GeneLab Mice,GeneLab Mice,C2
FULCHER_INFLAMMATORY_RESPONSE_LECTIN_VS_LPS_DN,0.001020412,0.009680829,0.4550599,0.4095027,1.412591,427,GeneLab Mice,GeneLab Mice,C2
GAUSSMANN_MLL_AF4_FUSION_TARGETS_F_UP,1.180684e-05,0.0002878489,0.5933255,0.547764,1.749301,177,GeneLab Mice,GeneLab Mice,C2
GENTILE_UV_LOW_DOSE_DN,0.0003011301,0.003970877,0.4984931,0.6402899,1.803259,63,GeneLab Mice,GeneLab Mice,C2
GOBERT_OLIGODENDROCYTE_DIFFERENTIATION_DN,0.001005274,0.009580565,0.4550599,0.3607087,1.290792,1063,GeneLab Mice,GeneLab Mice,C2
GOZGIT_ESR1_TARGETS_DN,7.921378e-08,3.460102e-06,0.7049757,0.4560099,1.604374,712,GeneLab Mice,GeneLab Mice,C2
GRYDER_PAX3FOXO1_ENHANCERS_IN_TADS,0.004283844,0.02785884,0.4070179,0.3529648,1.261105,981,GeneLab Mice,GeneLab Mice,C2
HAMAI_APOPTOSIS_VIA_TRAIL_UP,3.923732e-10,3.085034e-08,0.8140358,-0.4147885,-1.670018,638,GeneLab Mice,GeneLab Mice,C2
HOLLEMAN_ASPARAGINASE_RESISTANCE_B_ALL_UP,7.707104e-05,0.001361733,0.5384341,-0.7614068,-2.01482,28,GeneLab Mice,GeneLab Mice,C2
HSIAO_HOUSEKEEPING_GENES,3.366386e-11,3.160383e-09,0.8513391,-0.4938172,-1.958433,393,GeneLab Mice,GeneLab Mice,C2
IRITANI_MAD1_TARGETS_DN,0.0003174868,0.004129466,0.4984931,-0.6427906,-1.909477,46,GeneLab Mice,GeneLab Mice,C2
IVANOVA_HEMATOPOIESIS_LATE_PROGENITOR,8.405195e-05,0.001452436,0.5384341,-0.3562368,-1.424494,504,GeneLab Mice,GeneLab Mice,C2
IVANOVA_HEMATOPOIESIS_MATURE_CELL,0.004808221,0.03056658,0.4070179,-0.3545749,-1.366093,285,GeneLab Mice,GeneLab Mice,C2
IVANOVA_HEMATOPOIESIS_STEM_CELL_LONG_TERM,0.0005441662,0.006178349,0.4772708,0.4956764,1.609464,204,GeneLab Mice,GeneLab Mice,C2
JISON_SICKLE_CELL_DISEASE_DN,5.114856e-10,3.830053e-08,0.8012156,-0.5959734,-2.130784,172,GeneLab Mice,GeneLab Mice,C2
JOHNSTONE_PARVB_TARGETS_2_UP,0.001972461,0.01615466,0.4317077,0.4973713,1.565942,148,GeneLab Mice,GeneLab Mice,C2
KEGG_RIBOSOME,3.759364e-20,9.458559e-18,1.1601796,-0.8495582,-2.789514,83,GeneLab Mice,GeneLab Mice,C2
KIM_BIPOLAR_DISORDER_OLIGODENDROCYTE_DENSITY_CORR_UP,0.002071612,0.01653609,0.4317077,-0.3145619,-1.268406,658,GeneLab Mice,GeneLab Mice,C2
LEE_LIVER_CANCER_SURVIVAL_DN,1.025633e-10,8.960046e-09,0.8390889,-0.6013065,-2.156544,173,GeneLab Mice,GeneLab Mice,C2
LIM_MAMMARY_STEM_CELL_UP,1.690027e-09,1.164867e-07,0.7881868,0.5144907,1.783096,466,GeneLab Mice,GeneLab Mice,C2
LI_AMPLIFIED_IN_LUNG_CANCER,0.0002516378,0.003425978,0.4984931,-0.4606562,-1.662942,175,GeneLab Mice,GeneLab Mice,C2
LOPEZ_MBD_TARGETS,0.004810957,0.03056658,0.4070179,-0.2875467,-1.185842,917,GeneLab Mice,GeneLab Mice,C2
LUI_TARGETS_OF_PAX8_PPARG_FUSION,0.002298082,0.01786766,0.4317077,-0.6138535,-1.705144,34,GeneLab Mice,GeneLab Mice,C2
LUI_THYROID_CANCER_CLUSTER_3,0.006504913,0.03781507,0.4070179,-0.6443559,-1.705082,28,GeneLab Mice,GeneLab Mice,C2
LUI_THYROID_CANCER_PAX8_PPARG_DN,0.005591226,0.03397953,0.4070179,-0.5570452,-1.654761,46,GeneLab Mice,GeneLab Mice,C2
MALONEY_RESPONSE_TO_17AAG_DN,4.128002e-06,0.0001148429,0.6105269,-0.6394004,-2.068284,77,GeneLab Mice,GeneLab Mice,C2
MANNE_COVID19_COMBINED_COHORT_VS_HEALTHY_DONOR_PLATELETS_DN,0.001288668,0.01154661,0.4550599,0.4773003,1.549222,203,GeneLab Mice,GeneLab Mice,C2
MANNE_COVID19_ICU_VS_HEALTHY_DONOR_PLATELETS_DN,0.004358595,0.02826346,0.4070179,0.4721933,1.494004,160,GeneLab Mice,GeneLab Mice,C2
MANNE_COVID19_NONICU_VS_HEALTHY_DONOR_PLATELETS_DN,0.002722473,0.02002849,0.4317077,0.4611616,1.486321,192,GeneLab Mice,GeneLab Mice,C2
MARTENS_TRETINOIN_RESPONSE_DN,4.967368e-35,7.811186e-32,1.536459,-0.5633264,-2.28974,755,GeneLab Mice,GeneLab Mice,C2
MARTINEZ_RESPONSE_TO_TRABECTEDIN,0.002799149,0.0205174,0.4317077,0.6040708,1.64,49,GeneLab Mice,GeneLab Mice,C2
MASSARWEH_TAMOXIFEN_RESISTANCE_UP,3.763845e-06,0.0001082961,0.6272567,0.4446667,1.5537,552,GeneLab Mice,GeneLab Mice,C2
MEISSNER_BRAIN_HCP_WITH_H3K4ME3_AND_H3K27ME3,1.311673e-17,2.578257e-15,1.0864405,0.5043167,1.801776,996,GeneLab Mice,GeneLab Mice,C2
MIKKELSEN_IPS_WITH_HCP_H3K27ME3,0.00269495,0.01989581,0.4317077,0.5610168,1.645423,85,GeneLab Mice,GeneLab Mice,C2
MIKKELSEN_MCV6_HCP_WITH_H3K27ME3,1.653719e-10,1.405661e-08,0.8266573,0.5565282,1.901727,371,GeneLab Mice,GeneLab Mice,C2
MIYAGAWA_TARGETS_OF_EWSR1_ETS_FUSIONS_DN,5.92996e-06,0.0001555611,0.6105269,0.5348725,1.744668,214,GeneLab Mice,GeneLab Mice,C2
MODY_HIPPOCAMPUS_PRENATAL,4.164792e-06,0.0001148429,0.6105269,-0.7382573,-2.157809,43,GeneLab Mice,GeneLab Mice,C2
ONKEN_UVEAL_MELANOMA_DN,4.181301e-08,2.038789e-06,0.7195128,-0.4187279,-1.673942,513,GeneLab Mice,GeneLab Mice,C2
OSMAN_BLADDER_CANCER_DN,2.002191e-11,1.999013e-09,0.8634154,-0.485283,-1.913731,401,GeneLab Mice,GeneLab Mice,C2
PARENT_MTOR_SIGNALING_UP,0.00776402,0.04261404,0.4070179,0.3754043,1.311965,542,GeneLab Mice,GeneLab Mice,C2
PECE_MAMMARY_STEM_CELL_UP,1.208924e-08,6.499259e-07,0.7477397,-0.6196455,-2.1571,130,GeneLab Mice,GeneLab Mice,C2
PEREZ_TP53_TARGETS,2.343653e-08,1.198502e-06,0.733762,0.4274926,1.530706,1079,GeneLab Mice,GeneLab Mice,C2
PLASARI_TGFB1_TARGETS_10HR_DN,0.003318321,0.02326894,0.4317077,0.4358198,1.445925,250,GeneLab Mice,GeneLab Mice,C2
POMEROY_MEDULLOBLASTOMA_PROGNOSIS_DN,0.006460833,0.03762837,0.4070179,-0.5454048,-1.594132,43,GeneLab Mice,GeneLab Mice,C2
REACTOME_ABC_FAMILY_PROTEINS_MEDIATED_TRANSPORT,0.009631637,0.04945551,0.3807304,-0.4411633,-1.488776,98,GeneLab Mice,GeneLab Mice,C2
REACTOME_ACTIVATION_OF_THE_MRNA_UPON_BINDING_OF_THE_CAP_BINDING_COMPLEX_AND_EIFS_AND_SUBSEQUENT_BINDING_TO_43S,2.158077e-12,2.51376e-10,0.8986712,-0.8280045,-2.59735,59,GeneLab Mice,GeneLab Mice,C2
REACTOME_ASYMMETRIC_LOCALIZATION_OF_PCP_PROTEINS,0.001009849,0.009595088,0.4550599,-0.5864395,-1.854714,64,GeneLab Mice,GeneLab Mice,C2
REACTOME_AUF1_HNRNP_D0_BINDS_AND_DESTABILIZES_MRNA,0.0008385123,0.008452311,0.4772708,-0.6008166,-1.848258,55,GeneLab Mice,GeneLab Mice,C2
REACTOME_CELLULAR_RESPONSES_TO_EXTERNAL_STIMULI,2.236775e-08,1.153223e-06,0.733762,-0.3956819,-1.59776,655,GeneLab Mice,GeneLab Mice,C2
REACTOME_CELLULAR_RESPONSE_TO_STARVATION,6.712652e-14,8.983528e-12,0.9545416,-0.6849819,-2.419669,150,GeneLab Mice,GeneLab Mice,C2
REACTOME_DEFECTIVE_CFTR_CAUSES_CYSTIC_FIBROSIS,0.0005418264,0.006162907,0.4772708,-0.5859135,-1.837836,61,GeneLab Mice,GeneLab Mice,C2
REACTOME_DEGRADATION_OF_DVL,0.0003214361,0.00416015,0.4984931,-0.6095158,-1.890027,57,GeneLab Mice,GeneLab Mice,C2
REACTOME_EUKARYOTIC_TRANSLATION_ELONGATION,2.108216e-20,6.027581e-18,1.16907,-0.845362,-2.80339,88,GeneLab Mice,GeneLab Mice,C2
REACTOME_EUKARYOTIC_TRANSLATION_INITIATION,1.41244e-25,9.871389e-23,1.3110148,-0.8298691,-2.878925,116,GeneLab Mice,GeneLab Mice,C2
REACTOME_HEDGEHOG_LIGAND_BIOGENESIS,0.001449776,0.01264783,0.4550599,-0.5741424,-1.815823,64,GeneLab Mice,GeneLab Mice,C2
REACTOME_INFECTIOUS_DISEASE,4.869278e-08,2.285654e-06,0.7195128,-0.3647799,-1.501094,837,GeneLab Mice,GeneLab Mice,C2
REACTOME_INFLUENZA_INFECTION,8.592898e-21,3.002741e-18,1.1778933,-0.7597319,-2.66995,147,GeneLab Mice,GeneLab Mice,C2
REACTOME_METABOLISM_OF_AMINO_ACIDS_AND_DERIVATIVES,2.943397e-15,4.515603e-13,1.007318,-0.5578451,-2.192113,351,GeneLab Mice,GeneLab Mice,C2
REACTOME_METABOLISM_OF_LIPIDS,0.002662537,0.01974924,0.4317077,0.3748731,1.318769,695,GeneLab Mice,GeneLab Mice,C2
REACTOME_METABOLISM_OF_RNA,1e-50,3.145e-47,,-0.650455,-2.614703,649,GeneLab Mice,GeneLab Mice,C2
REACTOME_NONSENSE_MEDIATED_DECAY_NMD,4.436902e-21,1.641654e-18,1.186651,-0.8059115,-2.788942,111,GeneLab Mice,GeneLab Mice,C2
REACTOME_RAC1_GTPASE_CYCLE,0.0002661987,0.003585417,0.4984931,0.5206402,1.665969,180,GeneLab Mice,GeneLab Mice,C2
REACTOME_REGULATION_OF_EXPRESSION_OF_SLITS_AND_ROBOS,3.601694e-23,1.61819e-20,1.2462328,-0.7591908,-2.722678,166,GeneLab Mice,GeneLab Mice,C2
REACTOME_RESPIRATORY_ELECTRON_TRANSPORT,0.001634978,0.01401091,0.4550599,-0.4822185,-1.644577,102,GeneLab Mice,GeneLab Mice,C2
REACTOME_RESPIRATORY_ELECTRON_TRANSPORT_ATP_SYNTHESIS_BY_CHEMIOSMOTIC_COUPLING_AND_HEAT_PRODUCTION_BY_UNCOUPLING_PROTEINS,0.0003099357,0.004053484,0.4984931,-0.4863226,-1.692374,125,GeneLab Mice,GeneLab Mice,C2
REACTOME_RESPONSE_OF_EIF2AK4_GCN2_TO_AMINO_ACID_DEFICIENCY,3.928591e-15,5.746707e-13,0.9969862,-0.7826895,-2.629453,97,GeneLab Mice,GeneLab Mice,C2
REACTOME_RRNA_MODIFICATION_IN_THE_NUCLEUS_AND_CYTOSOL,3.229333e-07,1.223645e-05,0.6749629,-0.7276573,-2.282573,59,GeneLab Mice,GeneLab Mice,C2
REACTOME_RRNA_PROCESSING,1.488785e-31,1.560743e-28,1.4604515,-0.7777074,-2.850388,197,GeneLab Mice,GeneLab Mice,C2
REACTOME_SCF_SKP2_MEDIATED_DEGRADATION_OF_P27_P21,0.005291592,0.03269559,0.4070179,-0.5439064,-1.706168,59,GeneLab Mice,GeneLab Mice,C2
REACTOME_SELENOAMINO_ACID_METABOLISM,2.721233e-17,4.754599e-15,1.0768682,-0.7658822,-2.638191,113,GeneLab Mice,GeneLab Mice,C2
REACTOME_SIGNALING_BY_ROBO_RECEPTORS,1.50445e-17,2.867573e-15,1.0768682,-0.6612507,-2.444825,210,GeneLab Mice,GeneLab Mice,C2
REACTOME_SRP_DEPENDENT_COTRANSLATIONAL_PROTEIN_TARGETING_TO_MEMBRANE,3.237243e-24,1.851114e-21,1.279034,-0.8337339,-2.854935,108,GeneLab Mice,GeneLab Mice,C2
REACTOME_TRANSLATION,2.002261e-30,1.799174e-27,1.4318124,-0.704148,-2.712915,285,GeneLab Mice,GeneLab Mice,C2
RODRIGUES_THYROID_CARCINOMA_ANAPLASTIC_UP,1.083022e-07,4.511395e-06,0.7049757,-0.3869388,-1.555393,672,GeneLab Mice,GeneLab Mice,C2
SCHAEFFER_PROSTATE_DEVELOPMENT_48HR_DN,6.904508e-08,3.058405e-06,0.7049757,0.513954,1.762185,393,GeneLab Mice,GeneLab Mice,C2
SENESE_HDAC3_TARGETS_UP,0.0004561482,0.005423766,0.4984931,0.4209556,1.459764,460,GeneLab Mice,GeneLab Mice,C2
SHEN_SMARCA2_TARGETS_UP,3.990201e-13,5.019673e-11,0.9325952,-0.5091813,-2.009207,421,GeneLab Mice,GeneLab Mice,C2
SMID_BREAST_CANCER_BASAL_DN,4.989045e-08,2.324525e-06,0.7195128,0.465219,1.631644,637,GeneLab Mice,GeneLab Mice,C2
SPIELMAN_LYMPHOBLAST_EUROPEAN_VS_ASIAN_UP,3.777044e-05,0.0007676355,0.5573322,-0.3750669,-1.492693,476,GeneLab Mice,GeneLab Mice,C2
STARK_PREFRONTAL_CORTEX_22Q11_DELETION_DN,1.314679e-20,4.35228e-18,1.1778933,-0.5373212,-2.150644,518,GeneLab Mice,GeneLab Mice,C2
STARK_PREFRONTAL_CORTEX_22Q11_DELETION_UP,0.000365525,0.004607519,0.4984931,0.4972959,1.602782,192,GeneLab Mice,GeneLab Mice,C2
TAKAO_RESPONSE_TO_UVB_RADIATION_UP,1.363336e-05,0.0003263532,0.5933255,-0.6121355,-2.009939,83,GeneLab Mice,GeneLab Mice,C2
TARTE_PLASMA_CELL_VS_PLASMABLAST_UP,0.0003338339,0.00425234,0.4984931,0.4395566,1.503152,374,GeneLab Mice,GeneLab Mice,C2
TIEN_INTESTINE_PROBIOTICS_24HR_DN,0.000126662,0.002022091,0.5188481,-0.4432266,-1.633903,207,GeneLab Mice,GeneLab Mice,C2
TIEN_INTESTINE_PROBIOTICS_6HR_UP,2.161225e-06,6.732556e-05,0.6272567,-0.714835,-2.141203,50,GeneLab Mice,GeneLab Mice,C2
TORCHIA_TARGETS_OF_EWSR1_FLI1_FUSION_UP,0.0001196355,0.001924571,0.5384341,0.4856217,1.615258,262,GeneLab Mice,GeneLab Mice,C2
VECCHI_GASTRIC_CANCER_ADVANCED_VS_EARLY_UP,2.858543e-07,1.096356e-05,0.6749629,0.6075284,1.930548,164,GeneLab Mice,GeneLab Mice,C2
VERHAAK_AML_WITH_NPM1_MUTATED_UP,0.005196717,0.03237396,0.4070179,0.4542377,1.452002,178,GeneLab Mice,GeneLab Mice,C2
WANG_MLL_TARGETS,2.013424e-06,6.367856e-05,0.6272567,0.5182027,1.73191,281,GeneLab Mice,GeneLab Mice,C2
WANG_TUMOR_INVASIVENESS_UP,5.321166e-08,2.425372e-06,0.7195128,-0.4458021,-1.756427,380,GeneLab Mice,GeneLab Mice,C2
WEST_ADRENOCORTICAL_TUMOR_DN,0.0007451601,0.007798764,0.4772708,0.4061349,1.41473,520,GeneLab Mice,GeneLab Mice,C2
WONG_EMBRYONIC_STEM_CELL_CORE,5.084979e-16,8.201159e-14,1.0276699,-0.5669693,-2.221118,335,GeneLab Mice,GeneLab Mice,C2
WONG_MITOCHONDRIA_GENE_MODULE,5.239019e-08,2.40536e-06,0.7195128,-0.5234729,-1.924284,217,GeneLab Mice,GeneLab Mice,C2
WP_CYTOPLASMIC_RIBOSOMAL_PROTEINS,1.510123e-20,4.749337e-18,1.16907,-0.8436264,-2.796716,86,GeneLab Mice,GeneLab Mice,C2
WP_ELECTRON_TRANSPORT_CHAIN_OXPHOS_SYSTEM_IN_MITOCHONDRIA,0.0006686338,0.007251219,0.4772708,-0.5161949,-1.74632,100,GeneLab Mice,GeneLab Mice,C2
WP_PROTEASOME_DEGRADATION,0.005300412,0.03270585,0.4070179,-0.5338262,-1.688316,64,GeneLab Mice,GeneLab Mice,C2
YAGI_AML_WITH_INV_16_TRANSLOCATION,0.001654358,0.01410015,0.4550599,-0.3388659,-1.344281,394,GeneLab Mice,GeneLab Mice,C2
YAMASHITA_LIVER_CANCER_WITH_EPCAM_UP,2.47869e-06,7.459788e-05,0.6272567,-0.7124897,-2.134178,50,GeneLab Mice,GeneLab Mice,C2
YAO_TEMPORAL_RESPONSE_TO_PROGESTERONE_CLUSTER_13,5.83258e-12,6.436303e-10,0.887075,-0.6329263,-2.286719,178,GeneLab Mice,GeneLab Mice,C2
YAO_TEMPORAL_RESPONSE_TO_PROGESTERONE_CLUSTER_17,0.003384285,0.02358463,0.4317077,-0.3925255,-1.432813,185,GeneLab Mice,GeneLab Mice,C2
ZHOU_INFLAMMATORY_RESPONSE_LIVE_UP,2.389156e-07,9.392369e-06,0.6749629,0.5043788,1.728923,387,GeneLab Mice,GeneLab Mice,C2
GOBP_AMIDE_BIOSYNTHETIC_PROCESS,1.07075e-16,6.420646e-14,1.0574636,-0.4603955,-1.879214,750,GeneLab Mice,GeneLab Mice,C5
GOBP_BIOLOGICAL_PROCESS_INVOLVED_IN_SYMBIOTIC_INTERACTION,2.313401e-06,0.0001339004,0.6272567,-0.3325671,-1.374631,955,GeneLab Mice,GeneLab Mice,C5
GOBP_CARDIAC_MUSCLE_CELL_DIFFERENTIATION,0.0004813473,0.009804181,0.4984931,0.5856807,1.742002,91,GeneLab Mice,GeneLab Mice,C5
GOBP_CARDIAC_MUSCLE_TISSUE_DEVELOPMENT,3.782234e-05,0.00142461,0.5573322,0.5488269,1.763858,171,GeneLab Mice,GeneLab Mice,C5
GOBP_CELLULAR_COMPONENT_MORPHOGENESIS,2.661349e-09,3.836181e-07,0.774939,0.4701408,1.670927,723,GeneLab Mice,GeneLab Mice,C5
GOBP_CELLULAR_LIPID_METABOLIC_PROCESS,0.004283844,0.04673879,0.4070179,0.3524628,1.265744,966,GeneLab Mice,GeneLab Mice,C5
GOBP_CELLULAR_PROTEIN_CONTAINING_COMPLEX_ASSEMBLY,1.454526e-07,1.245989e-05,0.6901325,-0.3489552,-1.446753,992,GeneLab Mice,GeneLab Mice,C5
GOBP_CELL_MORPHOGENESIS,4.837643e-14,1.648207e-11,0.9653278,0.4795449,1.720502,951,GeneLab Mice,GeneLab Mice,C5
GOBP_CELL_PROJECTION_ORGANIZATION,1.333994e-12,3.773189e-10,0.9101197,0.4323279,1.567188,1472,GeneLab Mice,GeneLab Mice,C5
GOBP_CIRCULATORY_SYSTEM_DEVELOPMENT,2.122993e-12,5.683176e-10,0.8986712,0.4658582,1.672381,965,GeneLab Mice,GeneLab Mice,C5
GOBP_COTRANSLATIONAL_PROTEIN_TARGETING_TO_MEMBRANE,2.472051e-20,2.647036e-17,1.16907,-0.8223184,-2.733314,97,GeneLab Mice,GeneLab Mice,C5
GOBP_CYTOPLASMIC_TRANSLATION,2.67566e-12,6.850249e-10,0.8986712,-0.736231,-2.453046,96,GeneLab Mice,GeneLab Mice,C5
GOBP_DEVELOPMENTAL_GROWTH,3.585165e-07,2.673891e-05,0.6749629,0.473173,1.657626,541,GeneLab Mice,GeneLab Mice,C5
GOBP_ESTABLISHMENT_OF_PROTEIN_LOCALIZATION_TO_ENDOPLASMIC_RETICULUM,6.344158e-21,8.645934e-18,1.186651,-0.8048744,-2.721204,110,GeneLab Mice,GeneLab Mice,C5
GOBP_ESTABLISHMENT_OF_PROTEIN_LOCALIZATION_TO_MEMBRANE,5.627735e-10,9.17015e-08,0.8012156,-0.5058644,-1.916516,327,GeneLab Mice,GeneLab Mice,C5
GOBP_ESTABLISHMENT_OF_PROTEIN_LOCALIZATION_TO_ORGANELLE,1.383465e-12,3.840654e-10,0.9101197,-0.4691503,-1.875454,539,GeneLab Mice,GeneLab Mice,C5
GOBP_HEART_DEVELOPMENT,4.037971e-08,4.174705e-06,0.7195128,0.4933811,1.721985,492,GeneLab Mice,GeneLab Mice,C5
GOBP_HEART_GROWTH,0.0004454329,0.009312523,0.4984931,0.5971866,1.738511,80,GeneLab Mice,GeneLab Mice,C5
GOBP_LIPID_METABOLIC_PROCESS,2.126865e-05,0.0008974256,0.5756103,0.3776373,1.367397,1298,GeneLab Mice,GeneLab Mice,C5
GOBP_MATURATION_OF_SSU_RRNA,0.0001585254,0.004312984,0.5188481,-0.6793228,-2.047378,49,GeneLab Mice,GeneLab Mice,C5
GOBP_MRNA_METABOLIC_PROCESS,9.201375e-28,2.298963e-24,1.3651796,-0.5228525,-2.127776,801,GeneLab Mice,GeneLab Mice,C5
GOBP_MUSCLE_CELL_DEVELOPMENT,0.0003664958,0.00810345,0.4984931,0.5370491,1.695972,145,GeneLab Mice,GeneLab Mice,C5
GOBP_MUSCLE_CELL_DIFFERENTIATION,2.996582e-06,0.0001651535,0.6272567,0.5104109,1.729446,303,GeneLab Mice,GeneLab Mice,C5
GOBP_MUSCLE_STRUCTURE_DEVELOPMENT,3.319364e-08,3.455596e-06,0.7195128,0.4899624,1.71434,527,GeneLab Mice,GeneLab Mice,C5
GOBP_MUSCLE_TISSUE_DEVELOPMENT,1.22553e-07,1.068073e-05,0.6901325,0.5281294,1.795376,320,GeneLab Mice,GeneLab Mice,C5
GOBP_MYOTUBE_DIFFERENTIATION,0.001751829,0.02498732,0.4550599,0.5375239,1.603861,94,GeneLab Mice,GeneLab Mice,C5
GOBP_NCRNA_METABOLIC_PROCESS,2.161918e-20,2.493024e-17,1.16907,-0.5524068,-2.163697,455,GeneLab Mice,GeneLab Mice,C5
GOBP_NCRNA_PROCESSING,9.332771e-20,8.229857e-17,1.1512205,-0.5877692,-2.260861,375,GeneLab Mice,GeneLab Mice,C5
GOBP_NEGATIVE_REGULATION_OF_GENE_EXPRESSION,2.653143e-07,2.050168e-05,0.6749629,-0.3394592,-1.404205,1064,GeneLab Mice,GeneLab Mice,C5
GOBP_NEUROGENESIS,4.134726e-14,1.441481e-11,0.9653278,0.4446833,1.614639,1485,GeneLab Mice,GeneLab Mice,C5
GOBP_NEURON_DEVELOPMENT,4.051617e-12,9.796417e-10,0.887075,0.4611542,1.662291,1041,GeneLab Mice,GeneLab Mice,C5
GOBP_NEURON_DIFFERENTIATION,1.416734e-14,5.74007e-12,0.9865463,0.4660795,1.685345,1253,GeneLab Mice,GeneLab Mice,C5
GOBP_NUCLEAR_TRANSCRIBED_MRNA_CATABOLIC_PROCESS,6.384102e-17,3.987669e-14,1.0574636,-0.6701933,-2.454946,199,GeneLab Mice,GeneLab Mice,C5
GOBP_NUCLEAR_TRANSCRIBED_MRNA_CATABOLIC_PROCESS_NONSENSE_MEDIATED_DECAY,3.688633e-17,2.404187e-14,1.06721,-0.7584743,-2.574437,117,GeneLab Mice,GeneLab Mice,C5
GOBP_ORGANIC_CYCLIC_COMPOUND_CATABOLIC_PROCESS,3.718307e-13,1.161274e-10,0.9325952,-0.4642227,-1.854422,588,GeneLab Mice,GeneLab Mice,C5
GOBP_ORGAN_GROWTH,0.001055001,0.01745284,0.4550599,0.524523,1.64147,137,GeneLab Mice,GeneLab Mice,C5
GOBP_PATTERN_SPECIFICATION_PROCESS,0.002180074,0.02907231,0.4317077,0.4237594,1.453768,370,GeneLab Mice,GeneLab Mice,C5
GOBP_PEPTIDE_BIOSYNTHETIC_PROCESS,1.083922e-19,9.027266e-17,1.1512205,-0.5098141,-2.034453,621,GeneLab Mice,GeneLab Mice,C5
GOBP_PEPTIDE_METABOLIC_PROCESS,8.437562e-21,1.054062e-17,1.1778933,-0.481604,-1.959988,765,GeneLab Mice,GeneLab Mice,C5
GOBP_PHOSPHOLIPID_METABOLIC_PROCESS,0.001981235,0.02724835,0.4317077,0.4191499,1.444036,390,GeneLab Mice,GeneLab Mice,C5
GOBP_POSITIVE_REGULATION_OF_CELL_DIFFERENTIATION,1.103465e-07,9.73061e-06,0.7049757,0.4448815,1.583395,752,GeneLab Mice,GeneLab Mice,C5
GOBP_POSITIVE_REGULATION_OF_DEVELOPMENTAL_PROCESS,9.534517e-09,1.125448e-06,0.7477397,0.4288933,1.546584,1126,GeneLab Mice,GeneLab Mice,C5
GOBP_POSITIVE_REGULATION_OF_GTPASE_ACTIVITY,1.836298e-08,2.009339e-06,0.733762,0.5327168,1.826279,366,GeneLab Mice,GeneLab Mice,C5
GOBP_POSTTRANSCRIPTIONAL_REGULATION_OF_GENE_EXPRESSION,6.961456e-09,8.624726e-07,0.7614608,-0.4125891,-1.645309,589,GeneLab Mice,GeneLab Mice,C5
GOBP_PROTEIN_LOCALIZATION_TO_ENDOPLASMIC_RETICULUM,3.741521e-19,2.95206e-16,1.1330899,-0.7528481,-2.609786,137,GeneLab Mice,GeneLab Mice,C5
GOBP_PROTEIN_LOCALIZATION_TO_MEMBRANE,0.000826095,0.01451816,0.4772708,-0.3284323,-1.310748,619,GeneLab Mice,GeneLab Mice,C5
GOBP_PROTEIN_LOCALIZATION_TO_ORGANELLE,6.262161e-11,1.251681e-08,0.8390889,-0.3826303,-1.574799,945,GeneLab Mice,GeneLab Mice,C5
GOBP_PROTEIN_TARGETING,4.141737e-15,1.881478e-12,0.9969862,-0.5306279,-2.05938,413,GeneLab Mice,GeneLab Mice,C5
GOBP_PROTEIN_TARGETING_TO_MEMBRANE,1.988323e-12,5.419446e-10,0.8986712,-0.6245302,-2.2549,187,GeneLab Mice,GeneLab Mice,C5
GOBP_REGULATION_OF_CARDIAC_CONDUCTION,0.002540175,0.03221638,0.4317077,0.6251891,1.70898,53,GeneLab Mice,GeneLab Mice,C5
GOBP_REGULATION_OF_CELL_JUNCTION_ASSEMBLY,0.001075478,0.01767818,0.4550599,0.4994463,1.617329,180,GeneLab Mice,GeneLab Mice,C5
GOBP_REGULATION_OF_GTPASE_ACTIVITY,5.111892e-09,6.549775e-07,0.7614608,0.5200703,1.803504,439,GeneLab Mice,GeneLab Mice,C5
GOBP_REGULATION_OF_HYDROLASE_ACTIVITY,2.413236e-06,0.0001386085,0.6272567,0.3979536,1.437061,1154,GeneLab Mice,GeneLab Mice,C5
GOBP_REGULATION_OF_POSTSYNAPTIC_MEMBRANE_POTENTIAL,0.0004262792,0.009038687,0.4984931,0.5566875,1.713718,121,GeneLab Mice,GeneLab Mice,C5
GOBP_REGULATION_OF_SIGNALING_RECEPTOR_ACTIVITY,0.000567184,0.01110007,0.4772708,0.5205072,1.655563,156,GeneLab Mice,GeneLab Mice,C5
GOBP_REGULATION_OF_SMALL_GTPASE_MEDIATED_SIGNAL_TRANSDUCTION,1.70756e-09,2.585661e-07,0.7881868,0.5689006,1.931106,307,GeneLab Mice,GeneLab Mice,C5
GOBP_REGULATION_OF_SYNAPTIC_TRANSMISSION_GLUTAMATERGIC,0.001933151,0.02690796,0.4550599,0.5888632,1.65738,63,GeneLab Mice,GeneLab Mice,C5
GOBP_RIBONUCLEOPROTEIN_COMPLEX_BIOGENESIS,1.547763e-35,7.734172e-32,1.5498781,-0.6629302,-2.578645,424,GeneLab Mice,GeneLab Mice,C5
GOBP_RIBONUCLEOPROTEIN_COMPLEX_SUBUNIT_ORGANIZATION,9.849842e-12,2.307171e-09,0.8753251,-0.6150165,-2.238435,191,GeneLab Mice,GeneLab Mice,C5
GOBP_RIBOSOMAL_LARGE_SUBUNIT_ASSEMBLY,3.702486e-05,0.00140873,0.5573322,-0.7953411,-2.090226,26,GeneLab Mice,GeneLab Mice,C5
GOBP_RIBOSOMAL_LARGE_SUBUNIT_BIOGENESIS,2.444001e-12,6.427722e-10,0.8986712,-0.7852643,-2.495866,69,GeneLab Mice,GeneLab Mice,C5
GOBP_RIBOSOMAL_SMALL_SUBUNIT_ASSEMBLY,0.001721976,0.02482982,0.4550599,-0.7914188,-1.932584,18,GeneLab Mice,GeneLab Mice,C5
GOBP_RIBOSOMAL_SMALL_SUBUNIT_BIOGENESIS,9.672576e-10,1.518697e-07,0.7881868,-0.7500704,-2.403069,72,GeneLab Mice,GeneLab Mice,C5
GOBP_RIBOSOME_ASSEMBLY,2.419517e-09,3.521454e-07,0.774939,-0.7729344,-2.394409,58,GeneLab Mice,GeneLab Mice,C5
GOBP_RIBOSOME_BIOGENESIS,2.979625e-30,8.933512e-27,1.4318124,-0.7034958,-2.641809,293,GeneLab Mice,GeneLab Mice,C5
GOBP_RNA_CATABOLIC_PROCESS,1.665284e-17,1.188775e-14,1.0768682,-0.5579628,-2.151748,396,GeneLab Mice,GeneLab Mice,C5
GOBP_RRNA_METABOLIC_PROCESS,8.125017e-20,7.612633e-17,1.1512205,-0.6701146,-2.476125,230,GeneLab Mice,GeneLab Mice,C5
GOBP_SMALL_GTPASE_MEDIATED_SIGNAL_TRANSDUCTION,7.28827e-11,1.383018e-08,0.8390889,0.5329091,1.855961,478,GeneLab Mice,GeneLab Mice,C5
GOBP_STRIATED_MUSCLE_CELL_DIFFERENTIATION,1.041075e-06,6.875221e-05,0.6435518,0.5552646,1.840779,228,GeneLab Mice,GeneLab Mice,C5
GOBP_SYNAPTIC_TRANSMISSION_GLUTAMATERGIC,0.002925265,0.03536504,0.4317077,0.5604417,1.646759,84,GeneLab Mice,GeneLab Mice,C5
GOBP_TRANSLATIONAL_ELONGATION,8.181771e-06,0.0004034636,0.5933255,-0.5459405,-1.875173,129,GeneLab Mice,GeneLab Mice,C5
GOBP_TRANSLATIONAL_INITIATION,1.182217e-23,1.772261e-20,1.2627399,-0.7453922,-2.687197,183,GeneLab Mice,GeneLab Mice,C5
GOBP_VIRAL_GENE_EXPRESSION,1.772311e-14,6.991769e-12,0.9759947,-0.6399948,-2.333481,192,GeneLab Mice,GeneLab Mice,C5
GOCC_ANCHORING_JUNCTION,1.804578e-06,0.0001077786,0.6435518,0.4249821,1.517346,782,GeneLab Mice,GeneLab Mice,C5
GOCC_CHROMATIN,0.0002952977,0.006884614,0.4984931,0.3785488,1.361643,1004,GeneLab Mice,GeneLab Mice,C5
GOCC_CYTOSOLIC_LARGE_RIBOSOMAL_SUBUNIT,2.742233e-12,6.850249e-10,0.8986712,-0.8407532,-2.561456,52,GeneLab Mice,GeneLab Mice,C5
GOCC_CYTOSOLIC_RIBOSOME,1.353743e-16,7.805372e-14,1.0476265,-0.7853975,-2.61942,98,GeneLab Mice,GeneLab Mice,C5
GOCC_CYTOSOLIC_SMALL_RIBOSOMAL_SUBUNIT,2.199837e-06,0.0001278208,0.6272567,-0.7679261,-2.231762,43,GeneLab Mice,GeneLab Mice,C5
GOCC_GOLGI_APPARATUS,0.002445013,0.03151607,0.4317077,0.3419956,1.241725,1491,GeneLab Mice,GeneLab Mice,C5
GOCC_INNER_MITOCHONDRIAL_MEMBRANE_PROTEIN_COMPLEX,0.0007430028,0.0134197,0.4772708,-0.4746757,-1.63083,134,GeneLab Mice,GeneLab Mice,C5
GOCC_LARGE_RIBOSOMAL_SUBUNIT,1.017666e-17,7.627914e-15,1.0864405,-0.7758783,-2.623171,110,GeneLab Mice,GeneLab Mice,C5
GOCC_MITOCHONDRIAL_PROTEIN_CONTAINING_COMPLEX,7.108427e-11,1.383018e-08,0.8390889,-0.5424848,-2.016305,255,GeneLab Mice,GeneLab Mice,C5
GOCC_NEURON_SPINE,1.35754e-05,0.0006204539,0.5933255,0.5625376,1.797418,168,GeneLab Mice,GeneLab Mice,C5
GOCC_NEURON_TO_NEURON_SYNAPSE,5.141524e-05,0.001775958,0.5573322,0.4811822,1.637645,326,GeneLab Mice,GeneLab Mice,C5
GOCC_NUCLEOLUS,3.302576e-16,1.833664e-13,1.0376962,-0.4349242,-1.791986,906,GeneLab Mice,GeneLab Mice,C5
GOCC_PLASMA_MEMBRANE_REGION,6.488547e-16,3.262733e-13,1.0276699,0.4788933,1.726628,1125,GeneLab Mice,GeneLab Mice,C5
GOCC_POLYSOMAL_RIBOSOME,1.591733e-05,0.0006956754,0.5756103,-0.7801241,-2.124964,31,GeneLab Mice,GeneLab Mice,C5
GOCC_POLYSOME,4.146826e-05,0.001530731,0.5573322,-0.6281436,-2.022971,65,GeneLab Mice,GeneLab Mice,C5
GOCC_RIBONUCLEOPROTEIN_COMPLEX,3.5932e-39,5.386567e-35,1.6280717,-0.6060746,-2.439501,652,GeneLab Mice,GeneLab Mice,C5
GOCC_RIBOSOMAL_SUBUNIT,1.700898e-24,2.833128e-21,1.279034,-0.7526572,-2.708795,179,GeneLab Mice,GeneLab Mice,C5
GOCC_RIBOSOME,1.338366e-24,2.50793e-21,1.2871037,-0.7166321,-2.633775,213,GeneLab Mice,GeneLab Mice,C5
GOCC_SMALL_RIBOSOMAL_SUBUNIT,3.993618e-09,5.393544e-07,0.7614608,-0.7231436,-2.304222,71,GeneLab Mice,GeneLab Mice,C5
GOCC_SYNAPTIC_MEMBRANE,4.844009e-10,8.068504e-08,0.8012156,0.5593609,1.906774,339,GeneLab Mice,GeneLab Mice,C5
GOMF_ADENYL_NUCLEOTIDE_BINDING,0.0003734689,0.008209197,0.4984931,0.3550551,1.288397,1436,GeneLab Mice,GeneLab Mice,C5
GOMF_CIS_REGULATORY_REGION_SEQUENCE_SPECIFIC_DNA_BINDING,8.219963e-05,0.002583343,0.5384341,0.3887122,1.391903,906,GeneLab Mice,GeneLab Mice,C5
GOMF_DNA_BINDING_TRANSCRIPTION_FACTOR_ACTIVITY,3.7514e-05,0.001420132,0.5573322,0.388607,1.399406,1021,GeneLab Mice,GeneLab Mice,C5
GOMF_GTPASE_ACTIVATOR_ACTIVITY,2.151157e-09,3.161569e-07,0.774939,0.58527,1.950516,246,GeneLab Mice,GeneLab Mice,C5
GOMF_KINASE_ACTIVITY,2.426057e-05,0.0009936889,0.5756103,0.4131991,1.464264,684,GeneLab Mice,GeneLab Mice,C5
GOMF_LIPID_BINDING,6.64601e-08,6.469502e-06,0.7049757,0.4495063,1.597227,713,GeneLab Mice,GeneLab Mice,C5
GOMF_NUCLEOSIDE_TRIPHOSPHATASE_REGULATOR_ACTIVITY,9.286935e-08,8.489051e-06,0.7049757,0.4936882,1.720152,471,GeneLab Mice,GeneLab Mice,C5
GOMF_PROTEIN_KINASE_ACTIVITY,6.5625e-06,0.0003346205,0.6105269,0.4490502,1.572791,532,GeneLab Mice,GeneLab Mice,C5
GOMF_PROTEIN_SERINE_KINASE_ACTIVITY,0.000678902,0.01264276,0.4772708,0.471913,1.564656,234,GeneLab Mice,GeneLab Mice,C5
GOMF_PROTEIN_SERINE_THREONINE_KINASE_ACTIVITY,2.381433e-05,0.0009780837,0.5756103,0.4661301,1.607021,404,GeneLab Mice,GeneLab Mice,C5
GOMF_RIBONUCLEOTIDE_BINDING,0.0001006153,0.003043773,0.5384341,0.3541116,1.288039,1760,GeneLab Mice,GeneLab Mice,C5
GOMF_RRNA_BINDING,1.614174e-06,9.91725e-05,0.6435518,-0.6954505,-2.200671,61,GeneLab Mice,GeneLab Mice,C5
GOMF_STRUCTURAL_CONSTITUENT_OF_RIBOSOME,5.519674e-25,1.182078e-21,1.2951231,-0.7851916,-2.767596,152,GeneLab Mice,GeneLab Mice,C5
GOMF_STRUCTURAL_MOLECULE_ACTIVITY,0.0001370527,0.003854704,0.5188481,-0.345919,-1.379444,589,GeneLab Mice,GeneLab Mice,C5
GOMF_TRANSCRIPTION_REGULATOR_ACTIVITY,2.686131e-05,0.001068111,0.5756103,0.3696194,1.340572,1476,GeneLab Mice,GeneLab Mice,C5
GOMF_TRANSLATION_REGULATOR_ACTIVITY,6.415514e-06,0.0003293663,0.6105269,-0.5476714,-1.881118,129,GeneLab Mice,GeneLab Mice,C5
GOMF_UBIQUITIN_LIGASE_INHIBITOR_ACTIVITY,0.0001364555,0.003852363,0.5188481,-0.9756304,-1.76458,5,GeneLab Mice,GeneLab Mice,C5
HP_ABNORMALITY_OF_THE_CEREBRAL_VENTRICLES,0.0002024181,0.005143134,0.5188481,0.3896176,1.388219,758,GeneLab Mice,GeneLab Mice,C5
HP_ABNORMALITY_OF_THE_NASAL_ALAE,0.000577477,0.01121368,0.4772708,0.3972016,1.395284,585,GeneLab Mice,GeneLab Mice,C5
HP_ABNORMALITY_OF_THE_THENAR_EMINENCE,1.024131e-05,0.0004905029,0.5933255,-0.8144788,-2.133576,25,GeneLab Mice,GeneLab Mice,C5
HP_ABNORMAL_CARDIAC_VENTRICLE_MORPHOLOGY,0.001307367,0.02034576,0.4550599,0.4012525,1.406178,519,GeneLab Mice,GeneLab Mice,C5
HP_ABNORMAL_ERYTHROCYTE_ENZYME_LEVEL,0.0002938356,0.006861197,0.4984931,-0.7614451,-2.023552,27,GeneLab Mice,GeneLab Mice,C5
HP_ABNORMAL_MEAN_CORPUSCULAR_VOLUME,0.0002314192,0.005700929,0.5188481,-0.6691415,-1.954177,44,GeneLab Mice,GeneLab Mice,C5
HP_ABNORMAL_MORPHOLOGY_OF_THE_GREAT_VESSELS,3.730867e-05,0.001415935,0.5573322,0.4388891,1.539026,550,GeneLab Mice,GeneLab Mice,C5
HP_ABNORMAL_NUMBER_OF_ERYTHROID_PRECURSORS,2.119874e-05,0.0008974256,0.5756103,-0.749371,-2.073579,34,GeneLab Mice,GeneLab Mice,C5
HP_ABNORMAL_SYSTEMIC_ARTERIAL_MORPHOLOGY,0.002767993,0.03404018,0.4317077,0.3983306,1.379101,422,GeneLab Mice,GeneLab Mice,C5
HP_ABSENT_THUMB,0.0004803428,0.009804181,0.4984931,-0.652788,-1.892111,41,GeneLab Mice,GeneLab Mice,C5
HP_ACUTE_LEUKEMIA,0.00124618,0.01981069,0.4550599,-0.5035314,-1.673694,97,GeneLab Mice,GeneLab Mice,C5
HP_ACUTE_MYELOID_LEUKEMIA,0.0002857197,0.006722276,0.4984931,-0.6011647,-1.910308,62,GeneLab Mice,GeneLab Mice,C5
HP_ADENOCARCINOMA_OF_THE_INTESTINES,0.0003513141,0.007837128,0.4984931,-0.7179913,-1.974718,32,GeneLab Mice,GeneLab Mice,C5
HP_ADENOCARCINOMA_OF_THE_LARGE_INTESTINE,0.0006773923,0.01263033,0.4772708,-0.7438785,-1.976869,27,GeneLab Mice,GeneLab Mice,C5
HP_ANONYCHIA,0.001162806,0.01890631,0.4550599,0.630187,1.747974,57,GeneLab Mice,GeneLab Mice,C5
HP_APLASIA_OF_THE_FINGERS,0.00455081,0.04862523,0.4070179,-0.5350258,-1.693026,61,GeneLab Mice,GeneLab Mice,C5
HP_CEREBELLAR_MALFORMATION,0.0003994062,0.008639969,0.4984931,0.4535631,1.54659,338,GeneLab Mice,GeneLab Mice,C5
HP_DELAYED_SPEECH_AND_LANGUAGE_DEVELOPMENT,4.600721e-06,0.00024285,0.6105269,0.4238002,1.510071,757,GeneLab Mice,GeneLab Mice,C5
HP_DUPLICATION_OF_THUMB_PHALANX,0.001943517,0.02700616,0.4550599,-0.6228068,-1.877047,49,GeneLab Mice,GeneLab Mice,C5
HP_ELEVATED_RED_CELL_ADENOSINE_DEAMINASE_LEVEL,1.585409e-05,0.000695473,0.5756103,-0.8418714,-2.118479,20,GeneLab Mice,GeneLab Mice,C5
HP_ERYTHROID_HYPOPLASIA,1.102504e-05,0.0005187147,0.5933255,-0.8303095,-2.152729,23,GeneLab Mice,GeneLab Mice,C5
HP_FEEDING_DIFFICULTIES_IN_INFANCY,2.132018e-05,0.0008974256,0.5756103,0.4477547,1.561805,488,GeneLab Mice,GeneLab Mice,C5
HP_HORSESHOE_KIDNEY,0.001302253,0.02033549,0.4550599,-0.5348117,-1.723584,76,GeneLab Mice,GeneLab Mice,C5
HP_HYPERACTIVITY,2.438164e-07,1.913639e-05,0.6749629,0.5037401,1.742109,419,GeneLab Mice,GeneLab Mice,C5
HP_INCREASED_HEAD_CIRCUMFERENCE,0.002079723,0.02806222,0.4317077,0.4178905,1.441104,406,GeneLab Mice,GeneLab Mice,C5
HP_INCREASED_MEAN_CORPUSCULAR_VOLUME,2.745504e-05,0.001086348,0.5756103,-0.7602746,-2.129956,35,GeneLab Mice,GeneLab Mice,C5
HP_MACROCYTIC_ANEMIA,0.002400501,0.03109213,0.4317077,-0.5865424,-1.817454,55,GeneLab Mice,GeneLab Mice,C5
HP_MALIGNANT_GENITOURINARY_TRACT_TUMOR,1.65234e-05,0.0007179775,0.5756103,-0.822556,-2.148405,24,GeneLab Mice,GeneLab Mice,C5
HP_MYELODYSPLASIA,0.0001395066,0.003909053,0.5188481,-0.542004,-1.805901,96,GeneLab Mice,GeneLab Mice,C5
HP_NEOPLASM_OF_THE_COLON,0.0007842365,0.01394601,0.4772708,-0.564073,-1.812478,74,GeneLab Mice,GeneLab Mice,C5
HP_NEOPLASM_OF_THE_SKELETAL_SYSTEM,0.0003745332,0.008220537,0.4984931,-0.5452614,-1.773204,88,GeneLab Mice,GeneLab Mice,C5
HP_NONIMMUNE_HYDROPS_FETALIS,0.003551804,0.04058315,0.4317077,-0.6286958,-1.793716,39,GeneLab Mice,GeneLab Mice,C5
HP_NORMOCHROMIC_ANEMIA,0.0002931551,0.006855988,0.4984931,-0.7534966,-2.015853,29,GeneLab Mice,GeneLab Mice,C5
HP_ORAL_CLEFT,0.001533836,0.02281124,0.4550599,0.3934547,1.378935,545,GeneLab Mice,GeneLab Mice,C5
HP_OSTEOSARCOMA,0.0001913103,0.004953251,0.5188481,-0.751636,-2.045707,30,GeneLab Mice,GeneLab Mice,C5
HP_PARTIAL_DUPLICATION_OF_THE_PHALANX_OF_HAND,2.592657e-05,0.00103771,0.5756103,-0.7272119,-2.0321,36,GeneLab Mice,GeneLab Mice,C5
HP_PERSISTENCE_OF_HEMOGLOBIN_F,1.524215e-05,0.0006740269,0.5933255,-0.8088255,-2.125665,26,GeneLab Mice,GeneLab Mice,C5
HP_PURE_RED_CELL_APLASIA,5.698123e-05,0.001928442,0.5573322,-0.8087105,-2.08786,22,GeneLab Mice,GeneLab Mice,C5
HP_RETICULOCYTOPENIA,4.350848e-05,0.001571652,0.5573322,-0.7634527,-2.079553,31,GeneLab Mice,GeneLab Mice,C5
HP_SLEEP_DISTURBANCE,0.001449168,0.02182321,0.4550599,0.4135383,1.438042,454,GeneLab Mice,GeneLab Mice,C5
HP_THROMBOCYTOSIS,0.001947546,0.02703301,0.4550599,-0.6163149,-1.828128,46,GeneLab Mice,GeneLab Mice,C5
HP_TRIPHALANGEAL_THUMB,0.00181972,0.02564966,0.4550599,-0.5573839,-1.771187,62,GeneLab Mice,GeneLab Mice,C5
